Flow Duration,Total Fwd Packet,Total Bwd packets,Total Length of Fwd Packet,Total Length of Bwd Packet,Fwd Packet Length Max,Fwd Packet Length Min,Fwd Packet Length Mean,Fwd Packet Length Std,Bwd Packet Length Max,Bwd Packet Length Min,Bwd Packet Length Mean,Bwd Packet Length Std,Flow Bytes/s,Flow Packets/s,Flow IAT Mean,Flow IAT Std,Flow IAT Max,Flow IAT Min,Fwd IAT Total,Fwd IAT Mean,Fwd IAT Std,Fwd IAT Max,Fwd IAT Min,Bwd IAT Total,Bwd IAT Mean,Bwd IAT Std,Bwd IAT Max,Bwd IAT Min,Fwd PSH Flags,Bwd PSH Flags,Fwd URG Flags,Bwd URG Flags,Fwd Header Length,Bwd Header Length,Fwd Packets/s,Bwd Packets/s,Packet Length Min,Packet Length Max,Packet Length Mean,Packet Length Std,Packet Length Variance,FIN Flag Count,SYN Flag Count,RST Flag Count,PSH Flag Count,ACK Flag Count,URG Flag Count,CWR Flag Count,ECE Flag Count,Down/Up Ratio,Average Packet Size,Fwd Segment Size Avg,Bwd Segment Size Avg,Fwd Bytes/Bulk Avg,Fwd Packet/Bulk Avg,Fwd Bulk Rate Avg,Bwd Bytes/Bulk Avg,Bwd Packet/Bulk Avg,Bwd Bulk Rate Avg,Subflow Fwd Packets,Subflow Fwd Bytes,Subflow Bwd Packets,Subflow Bwd Bytes,FWD Init Win Bytes,Bwd Init Win Bytes,Fwd Act Data Pkts,Fwd Seg Size Min,Active Mean,Active Std,Active Max,Active Min,Idle Mean,Idle Std,Idle Max,Idle Min,Label
297300,7013,2410,9158314.0,207832.0,1337.0,29.0,1305.90531869,187.860389203,1038.0,32.0,86.2373443983,223.554808221,3.150402287251934E7,31695.257315842584,31.5538102314,377.034909557,6112.0,0.0,297280.0,42.3958927553,438.264408514,6140.0,0.0,297298.0,123.411374014,738.455021981,6112.0,0.0,0,0,0,0,114436,37640,23588.967373,8106.28994282,29.0,1337.0,993.883170628,567.679217312,322259.693767,0,0,0,0,0,0,0,0,0.0,993.988644805,1305.90531869,86.2373443983,0,0,0,9366146,9423,31504022,0,0,0,0,0,0,7012,8,0.0,0.0,0.0,0.0,0.0,0.0,0.0,0.0,live
298407,39006,24206,33350695.0,1695170.0,1337.0,28.0,855.014484951,492.493103102,1337.0,29.0,70.0309840535,182.369174005,1.1744317324995728E8,211831.49188859513,4.7208080872,13.0502568777,101.0,0.0,298396.0,7.65019869248,17.9993357474,102.0,0.0,298405.0,12.3282379674,20.4658612573,254.0,0.0,0,0,0,0,621868,400710,130714.091828,81117.400061,28.0,1337.0,554.410453546,554.985695318,308009.122008,0,0,0,0,0,0,0,0,0.0,554.419224198,855.014484951,70.0309840535,0,0,0,35045865,63212,117443173,0,0,0,0,0,0,39005,-1,0.0,0.0,0.0,0.0,0.0,0.0,0.0,0.0,live
298410,11838,6550,6675372.0,1656414.0,1337.0,29.0,563.893563102,603.329427201,1337.0,29.0,252.887633588,443.715646321,2.792059917563084E7,61619.918903522,16.2294012074,67.0264516323,1848.0,0.0,298410.0,25.2099349497,87.7852292691,1879.0,0.0,298367.0,45.5591693388,113.542523985,1875.0,0.0,0,0,0,0,200662,110149,39670.2523374,21949.6665661,29.0,1337.0,453.087117298,571.520713971,326635.926498,0,0,0,0,0,0,0,0,0.0,453.111757668,563.893563102,252.887633588,0,0,0,8331786,18388,27920599,0,0,0,0,0,0,11837,-1,0.0,0.0,0.0,0.0,0.0,0.0,0.0,0.0,live
298429,63775,27104,69536459.0,2326480.0,1337.0,28.0,1090.34039984,440.218215717,1337.0,29.0,85.8353010626,222.547607782,2.408041410184667E8,304524.6943159009,3.28384207399,11.1852482307,305.0,0.0,298429.0,4.67947753003,14.2500860438,306.0,0.0,298425.0,11.0107737151,21.3487880111,307.0,0.0,0,0,0,0,836208,410150,213702.421682,90822.2726344,28.0,1337.0,790.759991197,601.623417884,361950.736946,0,0,0,0,0,0,0,0,0.0,790.768692437,1090.34039984,85.8353010626,0,0,0,71862939,90879,240804141,0,0,0,0,0,0,63774,-1,0.0,0.0,0.0,0.0,0.0,0.0,0.0,0.0,live
295126,8462,2732,11077774.0,224400.0,1337.0,29.0,1309.12006618,178.065413088,1038.0,32.0,82.1376281113,213.704560205,3.829609726015329E7,37929.56228864959,26.3670150987,341.2149691,6417.0,0.0,295104.0,34.8781467912,393.986457593,6445.0,0.0,295123.0,108.064079092,685.159957738,6417.0,0.0,0,0,0,0,131320,41236,28672.4992037,9257.06308492,29.0,1337.0,1009.58999553,559.394573865,312922.289269,0,0,0,0,0,0,0,0,0.0,1009.68018581,1309.12006618,82.1376281113,0,0,0,11302174,11194,38296097,0,0,0,0,0,0,8461,8,0.0,0.0,0.0,0.0,0.0,0.0,0.0,0.0,live
298975,40719,24410,35446769.0,1704718.0,1337.0,28.0,870.521599253,486.588566749,1337.0,29.0,69.8368701352,181.671165813,1.2426285475374195E8,217840.95660172254,4.59057548213,12.8650152327,281.0,0.0,298973.0,7.34252664669,17.7654251108,281.0,0.0,298972.0,12.2484329551,20.3069544368,290.0,0.0,0,0,0,0,697392,426000,136195.334058,81645.6225437,28.0,1337.0,570.431460157,557.331936366,310618.887293,0,0,0,0,0,0,0,0,0.0,570.440218643,870.521599253,69.8368701352,0,0,0,37151487,65129,124262854,0,0,0,0,0,0,40718,-1,0.0,0.0,0.0,0.0,0.0,0.0,0.0,0.0,live
298711,10624,6395,6114528.0,1661908.0,1337.0,29.0,575.539156627,599.995395171,1337.0,28.0,259.876153245,450.187850117,2.6033309787721243E7,56974.80173143942,17.5526501352,72.5112110756,1589.0,0.0,298681.0,28.1164454486,96.0834632538,1620.0,0.0,298686.0,46.7134813888,119.678855626,1614.0,0.0,0,0,0,0,187562,113318,35566.1492212,21408.6525103,28.0,1337.0,456.978437133,569.441423209,324263.534467,0,0,0,0,0,0,0,0,0.0,457.005288207,575.539156627,259.876153245,0,0,0,7776436,17019,26033309,0,0,0,0,0,0,10623,-1,0.0,0.0,0.0,0.0,0.0,0.0,0.0,0.0,live
299070,64529,26756,71169089.0,2315632.0,1337.0,28.0,1102.90085078,421.106329766,1337.0,29.0,86.5462699955,223.841811127,2.4571077339753234E8,305229.5449225934,3.27625870908,11.2882114895,294.0,0.0,299070.0,4.63473220927,14.2453634605,301.0,0.0,299066.0,11.1779480471,21.662934155,316.0,0.0,0,0,0,0,927542,433716,215765.53984,89464.0050824,28.0,1337.0,805.006375567,595.033854676,354065.28821,0,0,0,0,0,0,0,0,0.0,805.015194172,1102.90085078,86.5462699955,0,0,0,73484721,91285,245710773,0,0,0,0,0,0,64528,-1,0.0,0.0,0.0,0.0,0.0,0.0,0.0,0.0,live
295785,8449,2876,11051176.0,234850.0,1337.0,29.0,1307.98627056,182.33639616,1038.0,34.0,81.6585535466,209.728283593,3.815618100985513E7,38287.945636188444,26.120187213,336.932532859,6005.0,0.0,295762.0,35.0097064394,391.390167473,6005.0,0.0,295784.0,102.881391304,663.791346868,6005.0,0.0,0,0,0,0,142428,47624,28564.6669033,9723.27873286,29.0,1337.0,996.482959562,566.530672699,320957.003109,0,0,0,0,0,0,0,0,0.0,996.570949227,1307.98627056,81.6585535466,0,0,0,11286026,11325,38156181,0,0,0,0,0,0,8448,8,0.0,0.0,0.0,0.0,0.0,0.0,0.0,0.0,live
298968,39097,23754,33100928.0,1611944.0,1337.0,28.0,846.636007878,492.43502751,1054.0,29.0,67.8598972805,176.512950981,1.1610898825292338E8,210226.51253645873,4.756849642,13.345310615,297.0,0.0,298968.0,7.64702271332,18.3117836368,323.0,0.0,298965.0,12.5864101377,21.1537568447,602.0,0.0,0,0,0,0,683304,413938,130773.193118,79453.3194188,28.0,1337.0,552.316569083,552.460350306,305212.43866,0,0,0,0,0,0,0,0,0.0,552.325356796,846.636007878,67.8598972805,0,0,0,34712872,62851,116108988,0,0,0,0,0,0,39096,-1,0.0,0.0,0.0,0.0,0.0,0.0,0.0,0.0,live
298970,64581,26940,71239956.0,2319776.0,1337.0,28.0,1103.11014075,419.203913081,1337.0,29.0,86.108982925,223.109823282,2.4604385724320164E8,306121.01548650366,3.26671765734,11.2981666384,469.0,0.0,298970.0,4.62945184268,14.2995186996,470.0,0.0,298967.0,11.0979249415,21.8481075898,672.0,0.0,0,0,0,0,1005520,444350,216011.639964,90109.3755226,28.0,1337.0,803.743624484,594.549615813,353489.245664,0,0,0,0,0,0,0,0,0.0,803.752406552,1103.11014075,86.108982925,0,0,0,73559732,91521,246043857,0,0,0,0,0,0,64580,-1,0.0,0.0,0.0,0.0,0.0,0.0,0.0,0.0,live
295381,8338,2700,10905058.0,228450.0,1337.0,29.0,1307.87455025,183.129979179,1038.0,34.0,84.6111111111,215.987839518,3.769202487634614E7,37368.68654381968,26.7627978617,343.134174497,6033.0,0.0,295380.0,35.4300107953,396.228124818,6054.0,0.0,295380.0,109.440533531,687.852384846,6034.0,0.0,0,0,0,0,134756,41712,28227.949665,9140.73687881,29.0,1337.0,1008.58084971,559.720958291,313287.55115,0,0,0,0,0,0,0,0,0.0,1008.67222323,1307.87455025,84.6111111111,0,0,0,11133508,11038,37692024,0,0,0,0,0,0,8337,8,0.0,0.0,0.0,0.0,0.0,0.0,0.0,0.0,live
299336,26535,20196,17198230.0,1315794.0,1337.0,28.0,648.133785566,436.649344697,1054.0,29.0,65.151218063,169.603235081,6.185030868321886E7,156115.53571905819,6.40564947571,15.4930470748,235.0,0.0,299335.0,11.2811864024,21.7030658707,235.0,0.0,299335.0,14.822233226,23.4369066117,490.0,0.0,0,0,0,0,471136,358648,88646.2035973,67469.3321218,28.0,1337.0,396.184691432,451.767324371,204093.715369,0,0,0,0,0,0,0,0,0.0,396.193169416,648.133785566,65.151218063,0,0,0,18514024,46731,61850308,0,0,0,0,0,0,26534,-1,0.0,0.0,0.0,0.0,0.0,0.0,0.0,0.0,live
298279,9308,2118,11919673.0,318156.0,1337.0,28.0,1280.58369145,243.195809067,1082.0,29.0,150.21529745,319.243320225,4.102812802778606E7,38306.41781687614,26.107571116,320.646894172,7832.0,0.0,298258.0,32.0466315676,355.917576817,7843.0,0.0,298279.0,140.897024091,734.676531947,7832.0,0.0,0,0,0,0,128812,29376,31205.6832697,7100.73454719,28.0,1337.0,1070.97610922,509.968553075,260067.925125,0,0,0,0,0,0,0,0,0.0,1071.06984071,1280.58369145,150.21529745,0,0,0,12237829,11426,41028128,0,0,0,0,0,0,9307,8,0.0,0.0,0.0,0.0,0.0,0.0,0.0,0.0,live
298603,9906,5920,5901990.0,1692966.0,1337.0,29.0,595.799515445,602.75721954,1337.0,29.0,285.973986486,470.659728641,2.5434962140366975E7,53000.13730605519,18.8690679305,85.0965663285,2505.0,0.0,298572.0,30.1435638566,111.660531516,2537.0,0.0,298576.0,50.443656023,140.300189294,2530.0,0.0,0,0,0,0,170876,104376,33174.4825069,19825.6547992,29.0,1337.0,479.957856827,576.85365722,332760.141848,0,0,0,0,0,0,0,0,0.0,479.988184001,595.799515445,285.973986486,0,0,0,7594956,15826,25434962,0,0,0,0,0,0,9905,8,0.0,0.0,0.0,0.0,0.0,0.0,0.0,0.0,live
299345,62090,25686,67604743.0,2294082.0,1337.0,28.0,1088.81853761,430.348154554,1337.0,29.0,89.3125437982,229.8093966,2.3350590455828556E8,293226.87868512917,3.41036741669,11.3050976778,314.0,0.0,299345.0,4.82122437147,14.3555846743,359.0,0.0,299331.0,11.6539225229,22.1144559865,377.0,0.0,0,0,0,0,928906,421722,207419.532646,85807.3460389,28.0,1337.0,796.323991478,594.352892188,353255.360452,0,0,0,0,0,0,0,0,0.0,796.333063708,1088.81853761,89.3125437982,0,0,0,69898825,87776,233505904,0,0,0,0,0,0,62089,-1,0.0,0.0,0.0,0.0,0.0,0.0,0.0,0.0,live
295704,8181,2744,10713340.0,221752.0,1337.0,29.0,1309.53917614,177.021862882,1038.0,34.0,80.8134110787,208.089446669,3.697985823661499E7,36945.729513297076,27.0692054193,347.24384013,5904.0,0.0,295681.0,36.1468215159,402.623595267,5925.0,0.0,295692.0,107.798760481,687.708100967,5905.0,0.0,0,0,0,0,132228,43180,27666.1796932,9279.54982009,29.0,1337.0,1000.95451217,564.185759077,318305.570745,0,0,0,0,0,0,0,0,0.0,1001.04613272,1309.53917614,80.8134110787,0,0,0,10935092,10925,36979858,0,0,0,0,0,0,8180,8,0.0,0.0,0.0,0.0,0.0,0.0,0.0,0.0,live
299132,27774,21484,18418089.0,1361530.0,1337.0,28.0,663.141391229,451.63214869,1053.0,29.0,63.3741388941,164.591006573,6.612338031370766E7,164669.7778906971,6.072883042,15.1749530977,252.0,0.0,299132.0,10.770604544,21.4594009236,253.0,0.0,299131.0,13.9240795047,22.1971882219,253.0,0.0,0,0,0,0,472313,366724,92848.6420711,71821.1358196,28.0,1337.0,401.55129012,463.986453936,215283.429436,0,0,0,0,0,0,0,0,0.0,401.559442121,663.141391229,63.3741388941,0,0,0,19779619,49258,66123380,0,0,0,0,0,0,27773,-1,0.0,0.0,0.0,0.0,0.0,0.0,0.0,0.0,live
299151,25160,54262,2020140.0,57304928.0,1337.0,29.0,80.2917329094,211.346195574,1337.0,28.0,1056.07843426,444.724925686,1.9831144806468973E8,265491.34049359686,3.76664861938,12.1460661917,282.0,0.0,299092.0,11.888071863,22.4708154529,394.0,0.0,299150.0,5.51316783694,15.5631869278,282.0,0.0,0,0,0,0,405340,814142,84104.6829193,181386.657574,28.0,1337.0,746.951185425,596.11951428,355358.475306,0,0,0,0,0,0,0,0,2.0,746.960590265,80.2917329094,1056.07843426,0,0,0,59325068,79422,198311448,0,0,0,0,0,0,25159,-1,0.0,0.0,0.0,0.0,0.0,0.0,0.0,0.0,live
132740,334,10223,63714.0,13582371.0,1337.0,29.0,190.760479042,388.383841738,1337.0,28.0,1328.6091167,100.211724616,1.0280311134548742E8,79531.4147958415,12.5748389541,438.23649848,28002.0,0.0,132740.0,398.618618619,2439.58989157,28002.0,0.0,132722.0,12.983956173,445.537587463,28006.0,0.0,0,0,0,0,5540,156608,2516.19707699,77015.2177188,28.0,1337.0,1292.61432089,232.695958016,54147.408877,0,0,0,0,0,0,0,0,30.0,1292.73676234,190.760479042,1328.6091167,0,0,0,13646085,10557,102803111,0,0,0,0,0,0,333,8,0.0,0.0,0.0,0.0,0.0,0.0,0.0,0.0,live
298020,3494,14921,493698.0,19173081.0,1092.0,34.0,141.298797939,309.553654851,1337.0,28.0,1284.97292407,231.618305583,6.599147372659553E7,61791.15495604322,16.1844248941,194.632071558,3680.0,0.0,298014.0,85.3174921271,440.750326376,3680.0,0.0,298017.0,19.9743297587,217.050008426,3682.0,0.0,0,0,0,0,48468,210976,11724.0453661,50067.10959,28.0,1337.0,1067.9732298,512.569553954,262727.547641,0,0,0,0,0,0,0,0,4.0,1068.03122455,141.298797939,1284.97292407,0,0,0,19666779,18415,65991473,0,0,0,0,0,0,3493,8,0.0,0.0,0.0,0.0,0.0,0.0,0.0,0.0,live
296220,8954,3060,11738261.0,237500.0,1337.0,29.0,1310.95164172,172.661891217,1039.0,34.0,77.614379085,200.681823219,4.0428603740463175E7,40557.693606103574,24.6582868559,329.888896204,6030.0,0.0,296199.0,33.0837708031,383.193721785,6051.0,0.0,296218.0,96.8349133704,648.894535543,6030.0,0.0,0,0,0,0,156268,52536,30227.5335899,10330.1600162,29.0,1337.0,996.752143154,566.81108703,321274.80838,0,0,0,0,0,0,0,0,0.0,996.835109039,1310.95164172,77.614379085,0,0,0,11975761,12014,40428603,0,0,0,0,0,0,8953,8,0.0,0.0,0.0,0.0,0.0,0.0,0.0,0.0,live
299342,28626,22310,19535822.0,1391314.0,1337.0,28.0,682.450289946,459.711074395,1055.0,29.0,62.362796952,161.89985631,6.99104569355453E7,170159.8840122669,5.87694119957,14.6978299031,185.0,0.0,299341.0,10.4573275109,20.8463597369,185.0,0.0,299342.0,13.4179927384,21.2701920412,185.0,0.0,0,0,0,0,507000,399130,95629.7479138,74530.1360985,28.0,1337.0,410.852994876,474.230905704,224894.951924,0,0,0,0,0,0,0,0,0.0,410.861060939,682.450289946,62.362796952,0,0,0,20927136,50936,69910456,0,0,0,0,0,0,28625,-1,0.0,0.0,0.0,0.0,0.0,0.0,0.0,0.0,live
297703,3494,14927,497514.0,19174953.0,1082.0,34.0,142.390955924,310.95898323,1337.0,28.0,1284.58183158,232.132597735,6.608084903410446E7,61877.10570602245,16.1619435396,195.689543439,4216.0,0.0,297703.0,85.2284569138,443.147382938,4216.0,0.0,297701.0,19.9451293046,218.416682605,4240.0,0.0,0,0,0,0,55000,237316,11736.5293598,50140.5763462,28.0,1337.0,1067.93415481,512.359511788,262512.269319,0,0,0,0,0,0,0,0,4.0,1067.99212855,142.390955924,1284.58183158,0,0,0,19672467,18421,66080849,0,0,0,0,0,0,3493,8,0.0,0.0,0.0,0.0,0.0,0.0,0.0,0.0,live
81118,218,6484,37128.0,8618816.0,1337.0,31.0,170.311926606,366.3067058,1337.0,30.0,1329.24367674,95.3845743699,1.0670805493232082E8,82620.38018688824,12.1053574093,512.170419052,29661.0,0.0,81118.0,373.815668203,2828.59416612,29661.0,0.0,81111.0,12.5113373438,520.887686046,29669.0,0.0,0,0,0,0,3040,82928,2687.44298429,79932.9372026,30.0,1337.0,1291.55318514,235.400209954,55413.2588465,0,0,0,0,0,0,0,0,29.0,1291.74589675,170.311926606,1329.24367674,0,0,0,8655944,6702,106708054,0,0,0,0,0,0,217,8,0.0,0.0,0.0,0.0,0.0,0.0,0.0,0.0,live
299365,52209,24742,54763394.0,2010996.0,1337.0,28.0,1048.92631539,444.826460262,1337.0,29.0,81.2786355186,213.545088337,1.8964939121139747E8,257047.41703271927,3.89038336582,12.7434692111,478.0,0.0,299364.0,5.73406374502,16.3011491784,498.0,0.0,299365.0,12.0999555394,22.9375111629,479.0,0.0,0,0,0,0,890624,434512,174399.144857,82648.2721761,28.0,1337.0,737.793637592,594.282932999,353172.204454,0,0,0,0,0,0,0,0,0.0,737.803225429,1048.92631539,81.2786355186,0,0,0,56774390,76951,189649391,0,0,0,0,0,0,52208,-1,0.0,0.0,0.0,0.0,0.0,0.0,0.0,0.0,live
296331,9308,2814,12205077.0,232716.0,1337.0,29.0,1311.24591749,172.736045732,1039.0,29.0,82.6993603412,212.201766346,4.197263533008696E7,40906.95877245378,24.4477353354,327.259735909,8531.0,0.0,296310.0,31.8373267433,374.926283422,8598.0,0.0,296263.0,105.319232137,679.30227554,9030.0,0.0,0,0,0,0,154908,46252,31410.8210076,9496.13776486,29.0,1337.0,1025.9844098,549.955697249,302451.268937,0,0,0,0,0,0,0,0,0.0,1026.06904801,1311.24591749,82.6993603412,0,0,0,12437793,12122,41972635,0,0,0,0,0,0,9307,8,0.0,0.0,0.0,0.0,0.0,0.0,0.0,0.0,live
299056,26563,19459,18442533.0,1275620.0,1337.0,28.0,694.294055641,463.27311564,1337.0,29.0,65.5542422529,170.970644635,6.5934651035257615E7,153890.91006366702,6.49825079855,47.3513004725,6594.0,0.0,299035.0,11.2580001506,67.3612706981,6594.0,0.0,299052.0,15.3691026827,77.8661052324,7095.0,0.0,0,0,0,0,469782,342441,88822.8291691,65068.0808945,28.0,1337.0,428.444386502,482.395203949,232705.132793,0,0,0,0,0,0,0,0,0.0,428.453696058,694.294055641,65.5542422529,0,0,0,19718153,46022,65934651,0,0,0,0,0,0,26562,-1,0.0,0.0,0.0,0.0,0.0,0.0,0.0,0.0,live
299038,21987,47851,1925524.0,50162818.0,1337.0,29.0,87.5755673807,227.536865099,1337.0,28.0,1048.31284613,446.55493211,1.7418636427477443E8,233542.2254027916,4.28194223692,32.8772322852,6593.0,0.0,299038.0,13.6012917311,66.374727183,7120.0,0.0,299021.0,6.24913270637,42.5165436473,6593.0,0.0,0,0,0,0,375757,787651,73525.7726443,160016.452759,28.0,1337.0,745.835163734,593.329024646,352039.331487,0,0,0,0,0,0,0,0,2.0,745.845843237,87.5755673807,1048.31284613,0,0,0,52088342,69838,174186364,0,0,0,0,0,0,21986,-1,0.0,0.0,0.0,0.0,0.0,0.0,0.0,0.0,live
297811,3308,14849,482944.0,19098266.0,1081.0,29.0,145.992744861,315.571559364,1337.0,28.0,1286.16512896,227.026953053,6.575045918384479E7,60968.19795104949,16.4028971139,203.455702964,6970.0,0.0,297809.0,90.0541276081,474.649700905,6970.0,0.0,297809.0,20.0571794181,237.496424515,12708.0,0.0,0,0,0,0,51056,235984,11107.7159675,49860.4819835,28.0,1337.0,1078.43529023,503.964232073,253979.947209,0,0,0,0,0,0,0,0,4.0,1078.49468525,145.992744861,1286.16512896,0,0,0,19581210,18157,65750459,0,0,0,0,0,0,3307,8,0.0,0.0,0.0,0.0,0.0,0.0,0.0,0.0,live
294295,8999,3242,11807569.0,243576.0,1337.0,29.0,1312.09789977,168.842365089,1050.0,34.0,75.1314003701,195.597927444,4.0949200632018894E7,41594.318625868604,24.0437091503,325.577402404,5997.0,0.0,294293.0,32.7064903312,381.212514774,5998.0,0.0,294292.0,90.8028386301,628.255431612,5999.0,0.0,0,0,0,0,126484,44380,30578.1613687,11016.1572572,29.0,1337.0,984.425420683,573.628034532,329049.122001,0,0,0,0,0,0,0,0,0.0,984.505841026,1312.09789977,75.1314003701,0,0,0,12051145,12241,40949200,0,0,0,0,0,0,8998,8,0.0,0.0,0.0,0.0,0.0,0.0,0.0,0.0,live
299204,28590,22200,19773048.0,1387990.0,1337.0,28.0,691.607135362,456.706497556,1337.0,29.0,62.5220720721,162.405480026,7.072444887100439E7,169750.4044063582,5.89111815551,14.8483154437,177.0,-1.0,299203.0,10.4656686138,21.0010689809,179.0,0.0,299204.0,13.4782647867,21.5256812604,179.0,0.0,0,0,0,0,487207,373594,95553.5353805,74196.8690258,28.0,1337.0,416.655844539,475.733881547,226322.726052,0,0,0,0,0,0,0,0,0.0,416.664048041,691.607135362,62.5220720721,0,0,0,21161038,50790,70724448,0,0,0,0,0,0,28589,-1,0.0,0.0,0.0,0.0,0.0,0.0,0.0,0.0,live
297465,3552,15044,504160.0,19301050.0,1091.0,29.0,141.936936937,310.521461596,1337.0,28.0,1282.97327838,233.695024421,6.657996739112165E7,62514.91772141261,15.9970422156,189.404681625,4013.0,0.0,297465.0,83.7693607435,427.398354313,4014.0,0.0,297443.0,19.77285116,211.738406595,4033.0,0.0,0,0,0,0,54048,230828,11940.9006102,50574.0171113,28.0,1337.0,1065.0227456,513.591999189,263776.741631,0,0,0,0,0,0,0,0,4.0,1065.08001721,141.936936937,1282.97327838,0,0,0,19805210,18596,66579967,0,0,0,0,0,0,3551,8,0.0,0.0,0.0,0.0,0.0,0.0,0.0,0.0,live
18103,194,6022,28658.0,8011747.0,1337.0,31.0,147.721649485,335.607800408,1337.0,28.0,1330.41298572,88.8693020627,4.4414765508479255E8,343368.5024581561,2.91279163315,172.614784922,12807.0,0.0,18103.0,93.7979274611,977.651211448,12807.0,0.0,18089.0,3.00431821956,175.651269338,12809.0,0.0,0,0,0,0,2056,57464,10716.455836,332652.046622,28.0,1337.0,1293.50844459,231.170743769,53439.9127746,0,0,0,0,0,0,0,0,31.0,1293.71653797,147.721649485,1330.41298572,0,0,0,8040405,6216,444147655,0,0,0,0,0,0,193,8,0.0,0.0,0.0,0.0,0.0,0.0,0.0,0.0,live
299208,48506,24356,49963226.0,1997888.0,1337.0,28.0,1030.04218035,450.734999144,1337.0,29.0,82.0285761209,215.037471978,1.7366218149247348E8,243516.21614395338,4.10655906452,13.1871194379,880.0,0.0,299208.0,6.16860117514,16.963270309,880.0,0.0,299170.0,12.2837199754,23.4083311439,880.0,0.0,0,0,0,0,748621,392738,162114.649341,81401.566803,28.0,1337.0,713.141388633,592.202330384,350703.600113,0,0,0,0,0,0,0,0,0.0,713.151176196,1030.04218035,82.0285761209,0,0,0,51961114,72862,173662181,0,0,0,0,0,0,48505,-1,0.0,0.0,0.0,0.0,0.0,0.0,0.0,0.0,live
295648,7763,2768,10147678.0,229180.0,1337.0,29.0,1307.18510885,184.626646459,1040.0,34.0,82.7962427746,212.413791336,3.509869168741205E7,35620.06169498863,28.0767331434,349.792992525,6160.0,0.0,295627.0,38.0864467921,408.733080022,6182.0,0.0,295647.0,106.847488254,676.942084342,6212.0,0.0,0,0,0,0,129937,45604,26257.5765776,9362.48511744,29.0,1337.0,985.289973414,572.277424187,327501.450235,0,0,0,0,0,0,0,0,0.0,985.383534327,1307.18510885,82.7962427746,0,0,0,10376858,10531,35098691,0,0,0,0,0,0,7762,-1,0.0,0.0,0.0,0.0,0.0,0.0,0.0,0.0,live
298992,29429,22164,21055853.0,1387108.0,1337.0,28.0,715.479730878,456.713240076,1337.0,29.0,62.5838296336,162.466791784,7.506207858404239E7,172556.4563600364,5.79531710343,17.0450004815,820.0,0.0,298971.0,10.1594060079,23.7803173,842.0,0.0,298991.0,13.4905473086,25.7234383168,838.0,0.0,0,0,0,0,520913,386512,98427.3826724,74129.0736876,28.0,1337.0,435.017443889,484.546038211,234784.863146,0,0,0,0,0,0,0,0,0.0,435.025875603,715.479730878,62.5838296336,0,0,0,22442961,51593,75062078,0,0,0,0,0,0,29428,-1,0.0,0.0,0.0,0.0,0.0,0.0,0.0,0.0,live
298242,3534,15046,495244.0,19334074.0,1081.0,29.0,140.136955291,307.996935058,1337.0,28.0,1284.99760734,229.65136811,6.648734249367963E7,62298.401968870916,16.0526400775,191.908392517,4438.0,0.0,298242.0,84.4160769884,435.314963352,4438.0,0.0,298240.0,19.8231970754,214.251027781,4440.0,0.0,0,0,0,0,48870,209165,11849.437705,50448.9642639,28.0,1337.0,1067.23733922,512.472030549,262627.582095,0,0,0,0,0,0,0,0,4.0,1067.29477933,140.136955291,1284.99760734,0,0,0,19829318,18580,66487342,0,0,0,0,0,0,3533,-1,0.0,0.0,0.0,0.0,0.0,0.0,0.0,0.0,live
299077,49480,23760,51575696.0,1986116.0,1337.0,28.0,1042.35440582,444.842658597,1337.0,29.0,83.5907407407,218.616835917,1.7909037471955383E8,244886.76829044026,4.08357569055,14.4712063992,824.0,0.0,299074.0,6.04446330767,18.3527292879,824.0,0.0,299056.0,12.587061745,26.179145482,844.0,0.0,0,0,0,0,814901,401078,165442.344279,79444.4240112,28.0,1337.0,731.311601425,592.165924693,350660.482368,0,0,0,0,0,0,0,0,0.0,731.321586565,1042.35440582,83.5907407407,0,0,0,53561812,73240,179090374,0,0,0,0,0,0,49479,-1,0.0,0.0,0.0,0.0,0.0,0.0,0.0,0.0,live
293462,7476,2580,9777185.0,216256.0,1337.0,29.0,1307.80965757,182.113596855,1039.0,34.0,83.8201550388,214.657378292,3.4053611711226664E7,34266.787522745704,29.1856787668,365.920457769,6018.0,0.0,293441.0,39.2563210702,425.815100073,6039.0,0.0,293461.0,113.788677782,716.23466988,6018.0,0.0,0,0,0,0,125056,43268,25475.189292,8791.59823078,29.0,1337.0,993.696032614,567.709848894,322294.472531,0,0,0,0,0,0,0,0,0.0,993.794848846,1307.80965757,83.8201550388,0,0,0,9993441,10056,34053611,0,0,0,0,0,0,7475,8,0.0,0.0,0.0,0.0,0.0,0.0,0.0,0.0,live
299334,32139,21998,25162441.0,1384156.0,1337.0,28.0,782.925448832,479.325130562,1044.0,29.0,62.9219019911,163.229214625,8.868553856227492E7,180858.1718080806,5.52929658638,14.6331663149,472.0,0.0,299334.0,9.31402078536,20.3524174237,493.0,0.0,299331.0,13.6078101559,21.8579407835,474.0,0.0,0,0,0,0,540905,366304,107368.357754,73489.8140539,28.0,1337.0,490.375078503,521.807805823,272283.386217,0,0,0,0,0,0,0,0,0.0,490.384136542,782.925448832,62.9219019911,0,0,0,26546597,54137,88685538,0,0,0,0,0,0,32138,-1,0.0,0.0,0.0,0.0,0.0,0.0,0.0,0.0,live
296122,3598,15011,495278.0,19291684.0,1080.0,34.0,137.653696498,304.806408208,1337.0,28.0,1285.16980881,230.418726129,6.682030379370665E7,62842.34200768602,15.9136930353,199.438706299,4779.0,0.0,296122.0,82.3247150403,447.977728524,4781.0,0.0,296119.0,19.7281145903,222.946644526,4780.0,0.0,0,0,0,0,56040,239104,12150.3974713,50691.9445364,28.0,1337.0,1063.29822676,515.902623719,266155.517161,0,0,0,0,0,0,0,0,4.0,1063.35536568,137.653696498,1285.16980881,0,0,0,19786962,18609,66820303,0,0,0,0,0,0,3597,8,0.0,0.0,0.0,0.0,0.0,0.0,0.0,0.0,live
56731,230,7080,32450.0,9427384.0,1337.0,31.0,141.086956522,327.912667179,1337.0,28.0,1331.55141243,79.1435966934,1.6674893797042182E8,128853.7131374381,7.76180051991,378.76487044,20944.0,0.0,56731.0,247.733624454,2130.41930717,20944.0,0.0,56724.0,8.0129961859,385.052340601,20949.0,0.0,0,0,0,0,3268,79488,4054.22079639,124799.492341,28.0,1337.0,1294.100807,229.395121077,52622.1215739,0,0,0,0,0,0,0,0,30.0,1294.27783858,141.086956522,1331.55141243,0,0,0,9459834,7310,166748937,0,0,0,0,0,0,229,8,0.0,0.0,0.0,0.0,0.0,0.0,0.0,0.0,live
299313,49455,24870,51198911.0,2016398.0,1337.0,28.0,1035.26258215,450.758942024,1337.0,34.0,81.0775231202,213.007572837,1.7779150588180268E8,248318.64970783095,4.0271379366,12.0806473469,305.0,0.0,299313.0,6.05235168035,15.6500149036,312.0,0.0,299310.0,12.035465841,21.5809173766,326.0,0.0,0,0,0,0,733718,392302,165228.372974,83090.2767337,28.0,1337.0,715.97789468,594.212522192,353088.52153,0,0,0,0,0,0,0,0,0.0,715.98752775,1035.26258215,81.0775231202,0,0,0,53215309,74325,177791505,0,0,0,0,0,0,49454,-1,0.0,0.0,0.0,0.0,0.0,0.0,0.0,0.0,live
295380,8024,2780,10517652.0,221240.0,1337.0,29.0,1310.77417747,171.781965296,1049.0,34.0,79.5827338129,205.622764091,3.635619202383371E7,36576.61317624755,27.3424048875,355.368999694,5862.0,0.0,295357.0,36.8137853671,413.695295816,5882.0,0.0,295379.0,106.289672544,695.661332056,5863.0,0.0,0,0,0,0,155347,52378,27165.0077866,9411.60538967,29.0,1337.0,993.900138825,567.914326849,322526.682641,0,0,0,0,0,0,0,0,0.0,993.992132544,1310.77417747,79.5827338129,0,0,0,10738892,10804,36356192,0,0,0,0,0,0,8023,-1,0.0,0.0,0.0,0.0,0.0,0.0,0.0,0.0,live
298336,3458,15025,490382.0,19337550.0,1081.0,29.0,141.810873337,310.219849031,1337.0,28.0,1287.0249584,226.986899238,6.646174782795238E7,61953.63616861525,16.1419759766,197.398023631,3783.0,0.0,298336.0,86.2991032687,451.148879587,3784.0,0.0,298311.0,19.8556309904,219.847096064,3784.0,0.0,0,0,0,0,59272,261619,11590.9578462,50362.6783224,28.0,1337.0,1072.7629301,509.260465876,259346.222105,0,0,0,0,0,0,0,0,4.0,1072.82097062,141.810873337,1287.0249584,0,0,0,19827932,18483,66461747,0,0,0,0,0,0,3457,-1,0.0,0.0,0.0,0.0,0.0,0.0,0.0,0.0,live
299078,21653,27757,1368584.0,18385822.0,1337.0,29.0,63.2052833326,164.314570719,1337.0,28.0,662.385056022,454.143330454,6.60510167916062E7,165207.73844950146,6.05310773341,15.0994923688,201.0,0.0,299078.0,13.8129503048,22.3475952421,623.0,0.0,299035.0,10.773706586,21.3244502819,222.0,0.0,0,0,0,0,406908,516888,72399.1734598,92808.5649897,28.0,1337.0,399.798465929,464.84069167,216076.868632,0,0,0,0,0,0,0,0,1.0,399.806557377,63.2052833326,662.385056022,0,0,0,19754406,49410,66051016,0,0,0,0,0,0,21652,-1,0.0,0.0,0.0,0.0,0.0,0.0,0.0,0.0,live
298903,46543,23868,47064358.0,1983314.0,1337.0,28.0,1011.20164149,462.437490676,1337.0,29.0,83.0951064186,217.440250898,1.640922707366604E8,235564.71497442317,4.24517824173,12.9122002098,409.0,0.0,298903.0,6.42222078982,16.7470356535,410.0,0.0,298902.0,12.5236519043,23.261238158,584.0,0.0,0,0,0,0,832766,438538,155712.722857,79851.9921178,28.0,1337.0,696.589615406,591.940643674,350393.725633,0,0,0,0,0,0,0,0,0.0,696.5995086,1011.20164149,83.0951064186,0,0,0,49047672,70411,164092270,0,0,0,0,0,0,46542,-1,0.0,0.0,0.0,0.0,0.0,0.0,0.0,0.0,live
295940,7893,2516,10315732.0,214504.0,1337.0,29.0,1306.94691499,185.540934876,1041.0,29.0,85.2559618442,217.358103583,3.558233425694398E7,35172.67013583835,28.4338970023,348.817579143,6024.0,0.0,295854.0,37.4878357831,402.66083941,6046.0,0.0,295939.0,117.669582505,703.769228835,6024.0,0.0,0,0,0,0,211424,64460,26670.9468135,8501.7233223,29.0,1337.0,1011.57079731,557.799257403,311140.011559,0,0,0,0,0,0,0,0,0.0,1011.66797963,1306.94691499,85.2559618442,0,0,0,10530236,10409,35582334,0,0,0,0,0,0,7892,8,0.0,0.0,0.0,0.0,0.0,0.0,0.0,0.0,live
298564,3222,14949,478932.0,19268471.0,1337.0,29.0,148.644320298,319.236530248,1337.0,28.0,1288.94715366,223.877164753,6.614127289291409E7,60861.322865449285,16.4317006054,199.318028732,4931.0,0.0,298555.0,92.6901583359,468.18797944,4936.0,0.0,298562.0,19.9733743645,220.812982284,4932.0,0.0,0,0,0,0,75224,355312,10791.6560603,50069.6668051,28.0,1337.0,1086.75,498.974684089,248975.735361,0,0,0,0,0,0,0,0,4.0,1086.80980684,148.644320298,1288.94715366,0,0,0,19747403,18171,66141272,0,0,0,0,0,0,3221,8,0.0,0.0,0.0,0.0,0.0,0.0,0.0,0.0,live
71842,248,5703,35846.0,7576737.0,1337.0,31.0,144.540322581,334.134894799,1337.0,28.0,1328.55286691,99.3537658272,1.0596284902981542E8,82834.55360374154,12.0742857143,555.854555587,29971.0,0.0,71842.0,290.858299595,2718.54856663,29971.0,0.0,71828.0,12.5969835146,568.034873875,29978.0,0.0,0,0,0,0,4288,97896,3452.01970992,79382.5338938,28.0,1337.0,1279.22043011,264.725745852,70079.7205168,0,0,0,0,0,0,0,0,22.0,1279.43538901,144.540322581,1328.55286691,0,0,0,7612583,5951,105962849,0,0,0,0,0,0,247,8,0.0,0.0,0.0,0.0,0.0,0.0,0.0,0.0,live
299355,20162,33063,1330382.0,26224561.0,1337.0,29.0,65.9846245412,172.030176682,1337.0,28.0,793.169434111,473.112808305,9.204771258205141E7,177798.93437557417,5.62443634451,15.6595425811,701.0,0.0,299323.0,14.8466345915,28.4538680822,707.0,0.0,299310.0,9.05299134959,21.3846133839,763.0,0.0,0,0,0,0,523638,863272,67351.4723322,110447.462043,28.0,1337.0,517.697722917,524.106801827,274687.939721,0,0,0,0,0,0,0,0,1.0,517.707449507,65.9846245412,793.169434111,0,0,0,27554943,53225,92047712,0,0,0,0,0,0,20161,-1,0.0,0.0,0.0,0.0,0.0,0.0,0.0,0.0,live
299362,43874,18780,46225310.0,1804118.0,1337.0,28.0,1053.59233259,451.761044886,1337.0,29.0,96.0659211928,244.473693872,1.604392942324009E8,209291.76047728167,4.77809522289,56.8846325711,4884.0,0.0,299362.0,6.82337656417,68.3888009074,4884.0,0.0,299333.0,15.9397731509,105.434530096,4947.0,0.0,0,0,0,0,1078598,468462,146558.347419,62733.4130584,28.0,1337.0,766.574495252,594.36816532,353273.515945,0,0,0,0,0,0,0,0,0.0,766.586730297,1053.59233259,96.0659211928,0,0,0,48029428,62654,160439294,0,0,0,0,0,0,43873,-1,0.0,0.0,0.0,0.0,0.0,0.0,0.0,0.0,live
297139,7738,36087,1313432.0,45695107.0,1337.0,29.0,169.737916774,349.203255051,1337.0,28.0,1266.24842741,272.527543426,1.5820386755020377E8,147489.89530152557,6.78028021176,111.105933774,7609.0,0.0,297139.0,38.4049373142,262.885026716,7609.0,0.0,297126.0,8.2338302943,123.066112444,7626.0,0.0,0,0,0,0,204926,966464,26041.6841949,121448.211107,28.0,1337.0,1072.61844567,507.460761806,257516.424772,0,0,0,0,0,0,0,0,4.0,1072.64292071,169.737916774,1266.24842741,0,0,0,47008539,43825,158203867,0,0,0,0,0,0,7737,-1,0.0,0.0,0.0,0.0,0.0,0.0,0.0,0.0,live
297571,2826,14051,442750.0,18137794.0,1085.0,29.0,156.670205237,328.995140848,1337.0,28.0,1290.85431642,221.518334963,6.244070826794278E7,56715.87621105552,17.6327921308,225.046575909,11444.0,0.0,297571.0,105.334867257,542.57263362,11444.0,0.0,297543.0,21.1774377224,247.591784676,11453.0,0.0,0,0,0,0,71388,353944,9496.89317843,47218.9830326,28.0,1337.0,1100.93399692,488.159913949,238300.101586,0,0,0,0,0,0,0,0,4.0,1100.99922972,156.670205237,1290.85431642,0,0,0,18580544,16877,62440708,0,0,0,0,0,0,2825,8,0.0,0.0,0.0,0.0,0.0,0.0,0.0,0.0,live
296907,1856,7416,176750.0,9751000.0,1042.0,34.0,95.2316810345,237.670017882,1337.0,29.0,1314.85976268,157.480174673,3.343723792298599E7,31228.633881989987,32.0253478589,416.376192218,14664.0,0.0,296907.0,160.057681941,920.882753533,14664.0,0.0,296864.0,40.0356035064,467.733367618,14690.0,0.0,0,0,0,0,48556,188580,6251.11566922,24977.5182128,29.0,1337.0,1070.72047881,518.928704521,269287.000375,0,0,0,0,0,0,0,0,3.0,1070.83595772,95.2316810345,1314.85976268,0,0,0,9927750,9272,33437237,0,0,0,0,0,0,1855,8,0.0,0.0,0.0,0.0,0.0,0.0,0.0,0.0,live
297589,18702,28968,1300428.0,20025879.0,1337.0,29.0,69.5341674687,181.182750899,1337.0,28.0,691.310376968,462.161210076,7.16636266797496E7,160187.37251712932,6.24282028152,15.5308112985,490.0,0.0,297589.0,15.9129993048,26.1987298646,492.0,0.0,297549.0,10.2719991715,21.2738998242,491.0,0.0,0,0,0,0,500212,773104,62845.0648377,97342.3076794,28.0,1337.0,447.365106669,484.604846525,234841.857275,0,0,0,0,0,0,0,0,1.0,447.374491294,69.5341674687,691.310376968,0,0,0,21326307,47670,71663626,0,0,0,0,0,0,18701,8,0.0,0.0,0.0,0.0,0.0,0.0,0.0,0.0,live
297734,8842,38693,1450032.0,49941208.0,1125.0,29.0,163.993666591,341.945200342,1337.0,28.0,1290.70395162,228.964299654,1.7260789832535082E8,159655.93449186187,6.26360079101,93.1776915214,2608.0,0.0,297734.0,33.6765071824,213.938676568,2608.0,0.0,297729.0,7.69484647989,103.666358393,2610.0,0.0,0,0,0,0,229728,998732,29697.6495798,129958.284912,28.0,1337.0,1081.12495793,506.587700503,256631.098301,0,0,0,0,0,0,0,0,4.0,1081.14770169,163.993666591,1290.70395162,0,0,0,51391240,47535,172607898,0,0,0,0,0,0,8841,8,0.0,0.0,0.0,0.0,0.0,0.0,0.0,0.0,live
299124,28172,21516,19699053.0,1366556.0,1337.0,28.0,699.24226182,470.765565645,1337.0,34.0,63.5134783417,165.296044685,7.042433572698948E7,166111.71286824194,6.02016624067,15.3252581999,560.0,0.0,299102.0,10.6173724752,21.5990348214,560.0,0.0,299123.0,13.9029979084,22.1249699582,562.0,0.0,0,0,0,0,755268,579244,94181.677164,71930.0357043,28.0,1337.0,423.97299201,486.535219981,236716.520282,0,0,0,0,0,0,0,0,0.0,423.981524714,699.24226182,63.5134783417,0,0,0,21065609,49688,70424335,0,0,0,0,0,0,28171,8,0.0,0.0,0.0,0.0,0.0,0.0,0.0,0.0,live
296923,3718,15955,500626.0,20605256.0,1085.0,34.0,134.649273803,301.484635394,1337.0,28.0,1291.46073331,218.646911403,7.108200442538975E7,66256.23478140797,15.0936864579,202.151317632,4340.0,0.0,296923.0,79.8824320689,459.517796596,4340.0,0.0,296920.0,18.6110066441,224.756458025,4343.0,0.0,0,0,0,0,95084,407972,12521.764902,53734.4698794,28.0,1337.0,1072.83551896,510.934364531,261053.924858,0,0,0,0,0,0,0,0,4.0,1072.89005236,134.649273803,1291.46073331,0,0,0,21105882,19673,71082004,0,0,0,0,0,0,3717,8,0.0,0.0,0.0,0.0,0.0,0.0,0.0,0.0,live
294120,2604,7448,213090.0,9777381.0,1042.0,34.0,81.831797235,211.060906456,1337.0,29.0,1312.75255102,165.546131171,3.396732966136271E7,34176.526587787295,29.2627599244,375.771105444,5901.0,0.0,294120.0,112.99270073,732.157350178,5901.0,0.0,294073.0,39.4887874312,438.885359395,5927.0,0.0,0,0,0,0,67680,195652,8853.52917177,25322.997416,29.0,1337.0,993.883716304,568.037709962,322666.839939,0,0,0,0,0,0,0,0,2.0,993.982590529,81.831797235,1312.75255102,0,0,0,9990471,10052,33967329,0,0,0,0,0,0,2603,8,0.0,0.0,0.0,0.0,0.0,0.0,0.0,0.0,live
299457,32538,22360,25539379.0,1397890.0,1337.0,28.0,784.909306042,478.387610312,1055.0,34.0,62.5174418605,162.268580542,8.995371288699213E7,183325.15185819668,5.45488824526,14.5297465023,225.0,0.0,299436.0,9.20293819344,20.1839379481,245.0,0.0,299454.0,13.3929961089,21.5665670589,225.0,0.0,0,0,0,0,877974,604196,108656.66857,74668.4832881,28.0,1337.0,490.672507696,521.864135907,272342.176346,0,0,0,0,0,0,0,0,0.0,490.68144559,784.909306042,62.5174418605,0,0,0,26937269,54898,89953712,0,0,0,0,0,0,32537,-1,0.0,0.0,0.0,0.0,0.0,0.0,0.0,0.0,live
98297,288,9902,50286.0,13171376.0,1337.0,31.0,174.604166667,367.807274537,1337.0,28.0,1330.17329832,89.2172486961,1.3450727896070075E8,103665.42213902765,9.64736480518,378.696537778,22472.0,0.0,98295.0,342.491289199,2234.79278128,22472.0,0.0,98292.0,9.92748207252,384.395524934,22497.0,0.0,0,0,0,0,6120,195820,2929.89613111,100735.526008,28.0,1337.0,1297.5173192,219.586843,48218.3816186,0,0,0,0,0,0,0,0,34.0,1297.64465162,174.604166667,1330.17329832,0,0,0,13221662,10190,134507278,0,0,0,0,0,0,287,8,0.0,0.0,0.0,0.0,0.0,0.0,0.0,0.0,live
296651,2636,7420,214130.0,9747556.0,1042.0,34.0,81.2329286798,209.630102512,1337.0,29.0,1313.68679245,162.309811813,3.358049020566255E7,33898.419354729966,29.5028344107,379.573898873,6002.0,0.0,296649.0,112.580265655,735.318129535,6002.0,0.0,296627.0,39.9820730557,444.02702903,6029.0,0.0,0,0,0,0,71284,201488,8885.86251184,25012.5568429,29.0,1337.0,990.626230486,569.862666291,324743.458433,0,0,0,0,0,0,0,0,2.0,990.724741448,81.2329286798,1313.68679245,0,0,0,9961686,10056,33580490,0,0,0,0,0,0,2635,8,0.0,0.0,0.0,0.0,0.0,0.0,0.0,0.0,live
296060,8700,37802,1442288.0,48799034.0,1337.0,34.0,165.780229885,344.133573325,1337.0,28.0,1290.91143326,228.005876699,1.6969979733837736E8,157069.51293656693,6.36674480119,96.2839719725,3147.0,0.0,296060.0,34.0337969882,220.517442151,3147.0,0.0,296054.0,7.83190920875,107.198033617,3153.0,0.0,0,0,0,0,234968,1020460,29385.9352834,127683.577653,28.0,1337.0,1080.41283358,506.895324408,256942.869907,0,0,0,0,0,0,0,0,4.0,1080.43606727,165.780229885,1290.91143326,0,0,0,50241322,46502,169699797,0,0,0,0,0,0,8699,8,0.0,0.0,0.0,0.0,0.0,0.0,0.0,0.0,live
296009,3820,16175,501956.0,20934357.0,1084.0,34.0,131.402094241,296.865611871,1337.0,28.0,1294.2415456,213.452213016,7.241777445956035E7,67548.62183244427,14.8048914674,195.871676344,4258.0,0.0,296009.0,77.5095574758,442.776281091,4258.0,0.0,296007.0,18.3014096698,218.182846215,4281.0,0.0,0,0,0,0,102044,433408,12905.0130233,54643.6088092,28.0,1337.0,1072.08426685,512.510862125,262667.383796,0,0,0,0,0,0,0,0,4.0,1072.13788447,131.402094241,1294.2415456,0,0,0,21436313,19995,72417774,0,0,0,0,0,0,3819,8,0.0,0.0,0.0,0.0,0.0,0.0,0.0,0.0,live
297420,8430,36520,1437024.0,47037943.0,1126.0,34.0,170.465480427,349.299067545,1337.0,28.0,1288.00501095,235.07487751,1.6298489341671708E8,151133.07780243427,6.61683241006,95.3940157281,2887.0,0.0,297420.0,35.285324475,218.046130869,2887.0,0.0,297398.0,8.14365125003,106.300661405,2893.0,0.0,0,0,0,0,220520,949952,28343.7563042,122789.321498,28.0,1337.0,1078.41898957,508.004395126,258068.465467,0,0,0,0,0,0,0,0,4.0,1078.44298109,170.465480427,1288.00501095,0,0,0,48474967,44950,162984893,0,0,0,0,0,0,8429,8,0.0,0.0,0.0,0.0,0.0,0.0,0.0,0.0,live
295785,3674,16315,498432.0,21115975.0,1083.0,34.0,135.664670659,302.534203728,1337.0,28.0,1294.2675452,214.763810664,7.3074723194212E7,67579.49186064201,14.7981288773,229.194969927,5365.0,0.0,295785.0,80.5295398857,529.756287495,5365.0,0.0,295782.0,18.1305627069,254.047009492,5369.0,0.0,0,0,0,0,93772,419252,12421.1843062,55158.3075545,28.0,1337.0,1081.31515758,505.806685055,255840.402647,0,0,0,0,0,0,0,0,4.0,1081.36925309,135.664670659,1294.2675452,0,0,0,21614407,19989,73074723,0,0,0,0,0,0,3673,8,0.0,0.0,0.0,0.0,0.0,0.0,0.0,0.0,live
293169,3048,8731,228244.0,11489514.0,1039.0,34.0,74.8832020997,195.218701607,1337.0,29.0,1315.94479441,155.429230678,3.996929416138814E7,40178.190736401186,24.8912379012,344.831071937,5833.0,0.0,293169.0,96.2156219232,673.171453219,5833.0,0.0,293143.0,33.5788087056,402.564323308,5864.0,0.0,0,0,0,0,75396,217024,10396.7336246,29781.4571118,29.0,1337.0,994.804499151,568.497573603,323189.491193,0,0,0,0,0,0,0,0,2.0,994.88895492,74.8832020997,1315.94479441,0,0,0,11717758,11779,39969294,0,0,0,0,0,0,3047,8,0.0,0.0,0.0,0.0,0.0,0.0,0.0,0.0,live
298720,22186,28700,1391872.0,19763531.0,1046.0,34.0,62.7365004958,162.877372925,1337.0,28.0,688.624773519,465.935522229,7.082017608462775E7,170346.81306909482,5.87049228653,14.8140019112,214.0,0.0,298720.0,13.4649537976,21.3177464271,346.0,0.0,298678.0,10.4072615771,20.9874235367,235.0,0.0,0,0,0,0,597118,771472,74270.2196036,96076.5934655,28.0,1337.0,415.733664787,479.934473563,230337.098914,0,0,0,0,0,0,0,0,1.0,415.741834689,62.7365004958,688.624773519,0,0,0,21155403,50886,70820176,0,0,0,0,0,0,22185,-1,0.0,0.0,0.0,0.0,0.0,0.0,0.0,0.0,live
299312,22585,16808,15263466.0,1243402.0,1337.0,28.0,675.823156963,490.963281109,1337.0,29.0,73.9767967634,192.569264054,5.514936922007804E7,131611.82979633292,7.59829406986,17.5331318721,1533.0,0.0,299312.0,13.253276656,23.1999993678,1538.0,0.0,299256.0,17.8054382103,28.3793241584,1533.0,0.0,0,0,0,0,634027,474844,75456.3799647,56155.4498316,28.0,1337.0,419.032619181,492.564582077,242619.867517,0,0,0,0,0,0,0,0,0.0,419.043256416,675.823156963,73.9767967634,0,0,0,16506868,39393,55149369,0,0,0,0,0,0,22584,-1,0.0,0.0,0.0,0.0,0.0,0.0,0.0,0.0,live
298842,14235,11111,7001894.0,2534898.0,5600.0,0.0,491.878749561,572.480174699,6040.0,0.0,228.143101431,522.038110391,3.1912488873719223E7,84814.04889540293,11.7909646873,66.5616812236,4747.0,0.0,298842.0,20.9949416889,92.3321161628,4776.0,0.0,298574.0,26.8743474347,102.814132077,4772.0,0.0,0,0,0,0,455688,357196,47633.8667256,37180.1821698,0.0,6040.0,376.25604608,566.245562123,320634.036624,0,0,0,0,0,0,0,0,0.0,376.27089087,491.878749561,228.143101431,0,0,0,9536792,17020,31912488,0,0,0,0,0,0,10722,32,0.0,0.0,0.0,0.0,0.0,0.0,0.0,0.0,live
295374,11466,2488,14522448.0,444640.0,1337.0,28.0,1266.56619571,279.217701667,1337.0,29.0,178.713826367,344.592844508,5.067165017909497E7,47241.80191892313,21.1692109224,276.186243303,4872.0,0.0,295374.0,25.7631051025,304.805230015,4872.0,0.0,295322.0,118.746280659,647.731351582,4879.0,0.0,0,0,0,0,309628,67108,38818.5825428,8423.21937611,28.0,1337.0,1072.5400215,508.582043414,258655.694883,0,0,0,0,0,0,0,0,0.0,1072.61688405,1266.56619571,178.713826367,0,0,0,14967088,13954,50671650,0,0,0,0,0,0,11465,8,0.0,0.0,0.0,0.0,0.0,0.0,0.0,0.0,live
86607,25231,12702,21668208.0,1079890.0,1337.0,28.0,858.793072015,491.574203521,1337.0,29.0,85.0173201071,216.791983723,2.6265888438578868E8,437990.00080824876,2.28321733629,11.7225853845,1965.0,0.0,86605.0,3.43261989695,14.6826470439,1989.0,0.0,86602.0,6.81851822691,22.3564972052,1965.0,0.0,0,0,0,0,717026,360470,291327.490849,146662.509959,28.0,1337.0,599.681815785,556.611164495,309815.988441,0,0,0,0,0,0,0,0,0.0,599.697624759,858.793072015,85.0173201071,0,0,0,22748098,37933,262658884,0,0,0,0,0,0,25230,-1,0.0,0.0,0.0,0.0,0.0,0.0,0.0,0.0,live
212546,32490,59113,2814640.0,48888438.0,1337.0,29.0,86.6309633733,221.000686918,1337.0,28.0,827.033613588,494.978678539,2.4325594459552285E8,430979.64675881923,2.32032051702,5.46849177592,112.0,0.0,212546.0,6.54209116932,11.1037543348,252.0,0.0,212533.0,3.59542901611,7.24498577629,112.0,0.0,0,0,0,0,929844,1691416,152861.02773,278118.619028,28.0,1337.0,564.434031265,548.547557868,300904.423243,0,0,0,0,0,0,0,0,1.0,564.440193007,86.6309633733,827.033613588,0,0,0,51703078,91603,243255944,0,0,0,0,0,0,32489,8,0.0,0.0,0.0,0.0,0.0,0.0,0.0,0.0,live
299302,22152,34180,1418842.0,24723137.0,1337.0,29.0,64.050288913,167.378821812,1337.0,28.0,723.321737858,471.630983534,8.734314839192522E7,188211.238147423,5.31327333085,14.876241139,2294.0,0.0,299302.0,13.5118956255,23.9989207954,2294.0,0.0,299293.0,8.75663419058,19.4877819748,2297.0,0.0,0,0,0,0,630198,974495,74012.2017227,114199.036425,28.0,1337.0,464.0621838,499.686548329,249686.64658,0,0,0,0,0,0,0,0,1.0,464.070421785,64.050288913,723.321737858,0,0,0,26141979,56332,87343148,0,0,0,0,0,0,22151,-1,0.0,0.0,0.0,0.0,0.0,0.0,0.0,0.0,live
298976,21619,16952,14461103.0,1196188.0,1337.0,28.0,668.907118738,473.659376059,1337.0,29.0,70.5632373761,183.682350379,5.236972532912341E7,129010.35534624851,7.75151672284,17.8691219237,1611.0,0.0,298975.0,13.82991026,23.8536981744,1636.0,0.0,298960.0,17.6367175978,27.3480688106,1611.0,0.0,0,0,0,0,606031,475452,72310.1519854,56700.2033608,28.0,1337.0,405.936897231,478.294026749,228765.176024,0,0,0,0,0,0,0,0,0.0,405.947421638,668.907118738,70.5632373761,0,0,0,15657291,38571,52369725,0,0,0,0,0,0,21618,-1,0.0,0.0,0.0,0.0,0.0,0.0,0.0,0.0,live
299036,82774,44948,69561082.0,3842858.0,1337.0,28.0,840.373571411,494.824661468,1337.0,29.0,85.4956394055,218.275387518,2.454685723458045E8,427112.4546877299,2.34132210052,5.62701500559,92.0,0.0,299035.0,3.61271187465,7.41063620276,93.0,0.0,299026.0,6.65285781031,10.9751041479,192.0,0.0,0,0,0,0,2319440,1266124,276802.792975,150309.661713,28.0,1337.0,574.716018258,552.641710062,305412.859701,0,0,0,0,0,0,0,0,0.0,574.720518,840.373571411,85.4956394055,0,0,0,73403940,127722,245468572,0,0,0,0,0,0,82773,-1,0.0,0.0,0.0,0.0,0.0,0.0,0.0,0.0,live
298141,13207,10435,6373536.0,2326660.0,2800.0,0.0,482.587718634,550.165491474,6040.0,0.0,222.966938189,472.755779231,2.9181481245450977E7,79298.05025139112,12.6111839601,64.0954224666,1740.0,0.0,298116.0,22.5742844162,89.5289201156,1770.0,0.0,298115.0,28.5714970289,99.0543406632,1765.0,0.0,0,0,0,0,422816,335336,44297.8322337,35000.2180176,0.0,6040.0,367.9888762,533.226727101,284330.742495,0,0,0,0,0,0,0,0,0.0,368.004441249,482.587718634,222.966938189,0,0,0,8700196,15753,29183928,0,0,0,0,0,0,9922,32,0.0,0.0,0.0,0.0,0.0,0.0,0.0,0.0,live
295258,12635,2716,16121350.0,447262.0,1337.0,28.0,1275.92797784,259.940121461,1066.0,34.0,164.676730486,329.581837952,5.611570897316922E7,51991.817325864155,19.2350488599,260.103413377,4810.0,0.0,295235.0,23.3682919107,286.807383466,4810.0,0.0,295256.0,108.749907919,611.921286976,4842.0,0.0,0,0,0,0,330304,71564,42793.0826599,9198.73466595,28.0,1337.0,1079.26152944,504.675950028,254697.814537,0,0,0,0,0,0,0,0,0.0,1079.33183506,1275.92797784,164.676730486,0,0,0,16568612,15351,56115708,0,0,0,0,0,0,12634,8,0.0,0.0,0.0,0.0,0.0,0.0,0.0,0.0,live
299061,21885,29604,1379703.0,18262574.0,1337.0,29.0,63.0433173406,164.094849625,1337.0,28.0,616.895487096,441.635628924,6.567983454880442E7,172168.88862138492,5.80836311374,12.6406750968,1072.0,0.0,299061.0,13.6657375251,19.3203320506,1072.0,0.0,299029.0,10.1013072999,16.8746428113,1074.0,0.0,0,0,0,0,615960,832530,73179.0504278,98989.8381935,28.0,1337.0,381.478170519,445.587974752,198548.643243,0,0,0,0,0,0,0,0,1.0,381.485579444,63.0433173406,616.895487096,0,0,0,19642277,51489,65679834,0,0,0,0,0,0,21884,-1,0.0,0.0,0.0,0.0,0.0,0.0,0.0,0.0,live
299145,22719,12434,20159066.0,1037330.0,1337.0,28.0,887.321889168,489.995979393,1337.0,29.0,83.4268940003,213.557849029,7.08565946280232E7,117511.5746544318,8.51004210287,129.073070773,21979.0,0.0,299145.0,13.167752443,161.040144244,21982.0,0.0,299053.0,24.0531649642,225.871846506,21979.0,0.0,0,0,0,0,615280,337800,75946.447375,41565.1272794,28.0,1337.0,602.960914832,564.831143832,319034.221042,0,0,0,0,0,0,0,0,0.0,602.978067306,887.321889168,83.4268940003,0,0,0,21196396,35153,70856594,0,0,0,0,0,0,22718,8,0.0,0.0,0.0,0.0,0.0,0.0,0.0,0.0,live
224361,44416,23900,35652085.0,2167844.0,1337.0,28.0,802.685631304,494.831786234,1337.0,29.0,90.7047698745,229.224572858,1.68567304478051E8,304491.42230601574,3.28421283759,58.9254802429,10260.0,0.0,224286.0,5.04978047957,73.3160324954,10271.0,0.0,224361.0,9.38788233817,103.464558272,10260.0,0.0,0,0,0,0,1204860,652168,197966.669787,106524.752519,28.0,1337.0,553.601490112,541.178293238,292873.945072,0,0,0,0,0,0,0,0,0.0,553.609593653,802.685631304,90.7047698745,0,0,0,37819929,68316,168567304,0,0,0,0,0,0,44415,-1,0.0,0.0,0.0,0.0,0.0,0.0,0.0,0.0,live
297544,13130,2554,16875532.0,431510.0,1337.0,28.0,1285.26519421,240.681201645,1337.0,29.0,168.954581049,335.999476999,5.8166328341354564E7,52711.53173984352,18.9723904865,291.381772587,16896.0,0.0,297544.0,22.6631121944,318.804533869,16902.0,0.0,297539.0,116.544849197,723.293381336,16896.0,0.0,0,0,0,0,350980,67976,44127.9272981,8583.6044417,28.0,1337.0,1103.42696844,486.619414378,236798.45445,0,0,0,0,0,0,0,0,0.0,1103.49732211,1285.26519421,168.954581049,0,0,0,17307042,15684,58166328,0,0,0,0,0,0,13129,8,0.0,0.0,0.0,0.0,0.0,0.0,0.0,0.0,live
73811,5434,11327,737060.0,9632287.0,1337.0,29.0,135.638571954,309.710101815,1337.0,28.0,850.382890439,510.625535087,1.4048511739442632E8,227079.97452954165,4.40399761337,57.0197443002,3894.0,0.0,73761.0,13.5764770845,128.905403998,6201.0,0.0,73805.0,6.51642239096,69.6298104472,3899.0,0.0,0,0,0,0,145796,311620,73620.4630746,153459.511455,28.0,1337.0,618.702064193,565.013640705,319240.414182,0,0,0,0,0,0,0,0,2.0,618.738977388,135.638571954,850.382890439,0,0,0,10369347,16761,140485117,0,0,0,0,0,0,5433,8,0.0,0.0,0.0,0.0,0.0,0.0,0.0,0.0,live
299170,22104,15154,14740708.0,990038.0,1337.0,28.0,666.87965979,453.457539291,1337.0,29.0,65.3317935859,170.206808136,5.2581294915934086E7,124537.88815723502,8.0299004214,162.747604153,27625.0,0.0,299170.0,13.5352667059,213.633318858,27728.0,0.0,299120.0,19.7399854814,259.06761347,27625.0,0.0,0,0,0,0,600004,410738,73884.4135441,50653.4746131,28.0,1337.0,422.214256958,470.196162895,221084.431601,0,0,0,0,0,0,0,0,0.0,422.225589135,666.87965979,65.3317935859,0,0,0,15730746,37258,52581294,0,0,0,0,0,0,22103,-1,0.0,0.0,0.0,0.0,0.0,0.0,0.0,0.0,live
297890,13239,9750,6061824.0,1910731.0,2800.0,0.0,457.876274643,545.151341089,2416.0,0.0,195.972410256,407.648367927,2.6763419382993724E7,77172.78189935883,12.958500087,62.5521321394,1893.0,0.0,297865.0,22.5007554011,86.507181464,1922.0,0.0,297866.0,30.5534926659,98.4786664124,1917.0,0.0,0,0,0,0,423912,312540,44442.5794756,32730.2024237,0.0,2800.0,346.793475424,508.290532862,258359.265798,0,0,0,0,0,0,0,0,0.0,346.808560616,457.876274643,195.972410256,0,0,0,7972555,14783,26765665,0,0,0,0,0,0,9566,32,0.0,0.0,0.0,0.0,0.0,0.0,0.0,0.0,live
295547,13467,3270,17101968.0,496300.0,1337.0,28.0,1269.91668523,269.65066907,1337.0,29.0,151.773700306,315.709178307,5.954473569347684E7,56630.58667487743,17.6593570746,253.319033937,4892.0,0.0,295547.0,21.9476459231,282.485981774,4892.0,0.0,295544.0,90.4080758642,568.240889567,4896.0,0.0,0,0,0,0,384396,92724,45566.3566201,11064.2300548,28.0,1337.0,1051.40823276,523.979859768,274554.893442,0,0,0,0,0,0,0,0,0.0,1051.47105216,1269.91668523,151.773700306,0,0,0,17598268,16737,59544735,0,0,0,0,0,0,13466,8,0.0,0.0,0.0,0.0,0.0,0.0,0.0,0.0,live
298882,47814,64522,3650586.0,39374968.0,1337.0,29.0,76.3497302045,198.392832358,1337.0,28.0,610.256470661,451.149715272,1.439549855795933E8,375854.01596616727,2.66063114791,5.6405031904,166.0,0.0,298876.0,6.25093593792,10.1884519254,368.0,0.0,298881.0,4.63230576092,7.54153494019,171.0,0.0,0,0,0,0,1354250,1824233,159976.17789,215877.838077,28.0,1337.0,383.013414992,450.939243247,203346.2011,0,0,0,0,0,0,0,0,1.0,383.016824526,76.3497302045,610.256470661,0,0,0,43025554,112336,143954985,0,0,0,0,0,0,47813,-1,0.0,0.0,0.0,0.0,0.0,0.0,0.0,0.0,live
298883,31175,22748,21540752.0,1376464.0,1337.0,28.0,690.962373697,464.394546852,1337.0,29.0,60.5092315808,156.564961601,7.66762110926349E7,180415.07881010295,5.5428767479,11.6673630192,293.0,0.0,298883.0,9.58757297748,15.7364926106,315.0,0.0,298806.0,13.1360618983,18.1128358199,360.0,0.0,0,0,0,0,881722,644526,104305.029058,76110.0497519,28.0,1337.0,425.000203991,481.622570841,231960.300744,0,0,0,0,0,0,0,0,0.0,425.008085604,690.962373697,60.5092315808,0,0,0,22917216,53923,76676211,0,0,0,0,0,0,31174,-1,0.0,0.0,0.0,0.0,0.0,0.0,0.0,0.0,live
298687,17356,23120,1234384.0,16179195.0,1337.0,34.0,71.1214565568,185.040390363,1337.0,28.0,699.79217128,492.465091163,5.8300424859468274E7,135513.09564862214,7.37954292773,15.6088594741,482.0,0.0,298687.0,17.2104292711,24.2397430719,482.0,0.0,298684.0,12.9194169298,20.5314447356,488.0,0.0,0,0,0,0,490638,647752,58107.6511532,77405.4444954,28.0,1337.0,430.234948242,500.016503771,250016.504043,0,0,0,0,0,0,0,0,1.0,430.245577626,71.1214565568,699.79217128,0,0,0,17413579,40476,58300424,0,0,0,0,0,0,17355,-1,0.0,0.0,0.0,0.0,0.0,0.0,0.0,0.0,live
299169,22665,17128,15700858.0,1206566.0,1337.0,28.0,692.735848224,479.965928033,1055.0,29.0,70.4440681924,183.243669919,5.651462551267009E7,133011.77595272235,7.51832026538,15.3753361308,199.0,0.0,299168.0,13.2001411931,20.3671980837,222.0,0.0,299169.0,17.4676826064,24.0016858062,219.0,0.0,0,0,0,0,644255,486838,75759.8547978,57251.9211549,28.0,1337.0,424.89018445,490.505808769,240595.948436,0,0,0,0,0,0,0,0,0.0,424.900861961,692.735848224,70.4440681924,0,0,0,16907424,39793,56514625,0,0,0,0,0,0,22664,-1,0.0,0.0,0.0,0.0,0.0,0.0,0.0,0.0,live
299207,31841,22994,21073686.0,1414414.0,1337.0,28.0,661.841211017,464.062026074,1337.0,29.0,61.5123075585,159.714455795,7.515900363293639E7,183267.77114171794,5.45659627239,11.4220876148,167.0,0.0,299207.0,9.39720477387,15.3271879601,167.0,0.0,299177.0,13.0116557213,17.4030379683,167.0,0.0,0,0,0,0,895169,647368,106417.96482,76849.8063214,28.0,1337.0,410.101356773,472.753087103,223495.481365,0,0,0,0,0,0,0,0,0.0,410.108835598,661.841211017,61.5123075585,0,0,0,22488100,54835,75159003,0,0,0,0,0,0,31840,-1,0.0,0.0,0.0,0.0,0.0,0.0,0.0,0.0,live
298912,13254,9912,6222406.0,1948006.0,5600.0,0.0,469.473819224,547.674470069,2416.0,0.0,196.530064568,408.441656206,2.7333837383577775E7,77501.07054919173,12.9036045759,61.1377187927,1562.0,0.0,298912.0,22.5542895948,84.9510397641,1591.0,0.0,298800.0,30.1483200484,95.9762289616,1587.0,0.0,0,0,0,0,424200,317676,44340.8093352,33160.261214,0.0,5600.0,352.684378642,511.082970332,261205.802563,0,0,0,0,0,0,0,0,0.0,352.699602866,469.473819224,196.530064568,0,0,0,8170412,15096,27333837,0,0,0,0,0,0,9775,32,0.0,0.0,0.0,0.0,0.0,0.0,0.0,0.0,live
295252,13484,3016,17156652.0,459574.0,1337.0,28.0,1272.3711065,266.771272606,1066.0,33.0,152.378647215,316.067432812,5.966505222657255E7,55884.464796174114,17.8951451603,256.161026717,4897.0,0.0,295252.0,21.898093896,283.436701736,4898.0,0.0,295247.0,97.9260364842,593.779517132,4898.0,0.0,0,0,0,0,358408,79736,45669.4620189,10215.0027773,28.0,1337.0,1067.59669111,513.644501104,263830.673514,0,0,0,0,0,0,0,0,0.0,1067.66139394,1272.3711065,152.378647215,0,0,0,17616226,16500,59665052,0,0,0,0,0,0,13483,8,0.0,0.0,0.0,0.0,0.0,0.0,0.0,0.0,live
299205,90696,50484,74572355.0,3963788.0,1337.0,28.0,822.223196172,488.431784966,1337.0,29.0,78.5157277553,202.001783384,2.6248272254808575E8,471850.40356945904,2.11933077866,4.83792527161,99.0,0.0,299200.0,3.29896907216,6.34795388709,99.0,0.0,299204.0,5.9268268526,9.54238561887,194.0,0.0,0,0,0,0,2550927,1427038,303123.276683,168727.126886,28.0,1337.0,556.28924572,543.05495174,294908.680609,0,0,0,0,0,0,0,0,0.0,556.293186004,822.223196172,78.5157277553,0,0,0,78536143,141180,262482722,0,0,0,0,0,0,90695,-1,0.0,0.0,0.0,0.0,0.0,0.0,0.0,0.0,live
298947,23755,17272,17633991.0,1210934.0,1337.0,28.0,742.327552094,485.024771595,1053.0,34.0,70.1096572487,182.308037724,6.3037678919674724E7,137238.37335715027,7.28676936577,15.4354681967,213.0,0.0,298947.0,12.5851225057,20.2602446598,234.0,0.0,298947.0,17.3091888136,23.7921331776,214.0,0.0,0,0,0,0,679826,493476,79462.2458161,57776.127541,28.0,1337.0,459.342668422,510.247079919,260352.082566,0,0,0,0,0,0,0,0,0.0,459.353864528,742.327552094,70.1096572487,0,0,0,18844925,41027,63037678,0,0,0,0,0,0,23754,-1,0.0,0.0,0.0,0.0,0.0,0.0,0.0,0.0,live
298507,13452,9920,6215258.0,2020875.0,5600.0,0.0,462.032262861,557.471211642,2416.0,0.0,203.717237903,424.372529436,2.7591088316186886E7,78296.3213592981,12.7725386162,59.996973542,1439.0,-1.0,298483.0,22.1903947662,83.2756828883,1467.0,0.0,298482.0,30.0919447525,94.671007877,1475.0,0.0,0,0,0,0,430536,317860,45064.2698496,33232.0515097,0.0,5600.0,352.399734737,521.141252405,271588.204958,0,0,0,0,0,0,0,0,0.0,352.414812596,462.032262861,203.717237903,0,0,0,8236133,15079,27593306,0,0,0,0,0,0,9743,32,0.0,0.0,0.0,0.0,0.0,0.0,0.0,0.0,live
295668,12309,2952,15609431.0,457496.0,1337.0,28.0,1268.13152977,274.248054901,1337.0,33.0,154.978319783,319.390795179,5.43411089465211E7,51615.32529729291,19.3753604194,269.332353488,5468.0,0.0,295668.0,24.0224244394,300.024110487,5468.0,0.0,295655.0,100.18807184,606.776588216,5474.0,0.0,0,0,0,0,322083,76404,41631.1538618,9984.17143553,28.0,1337.0,1052.75357096,523.215808252,273754.782005,0,0,0,0,0,0,0,0,0.0,1052.82255422,1268.13152977,154.978319783,0,0,0,16066927,15261,54341108,0,0,0,0,0,0,12308,-1,0.0,0.0,0.0,0.0,0.0,0.0,0.0,0.0,live
298918,23078,30236,1418038.0,18663190.0,1337.0,29.0,61.4454458792,159.730010757,1337.0,28.0,617.25062839,451.63382313,6.71797215289812E7,178356.60615954877,5.60685011161,11.5363545839,171.0,0.0,298918.0,12.9530701564,17.1299876934,172.0,0.0,298914.0,9.88635687118,15.4992435401,172.0,0.0,0,0,0,0,652618,852240,77205.1197987,101151.486361,28.0,1337.0,376.653174529,450.065608374,202559.051841,0,0,0,0,0,0,0,0,1.0,376.660239337,61.4454458792,617.25062839,0,0,0,20081228,53314,67179721,0,0,0,0,0,0,23077,-1,0.0,0.0,0.0,0.0,0.0,0.0,0.0,0.0,live
298968,76207,47572,60098999.0,3604490.0,1337.0,28.0,788.628328106,473.167943241,1337.0,32.0,75.7691499201,196.081906983,2.130779514864467E8,414020.89855770516,2.41535652539,5.51612376312,72.0,0.0,298968.0,3.92315565703,7.33640017507,74.0,0.0,298958.0,6.28445901915,10.0587748275,165.0,0.0,0,0,0,0,2161492,1351826,254900.189987,159120.708571,28.0,1337.0,514.655049281,522.358775774,272858.690628,0,0,0,0,0,0,0,0,0.0,514.659207135,788.628328106,75.7691499201,0,0,0,63703489,123779,213077951,0,0,0,0,0,0,76206,-1,0.0,0.0,0.0,0.0,0.0,0.0,0.0,0.0,live
298995,23113,16998,16865047.0,1214588.0,1337.0,28.0,729.677973435,481.601782333,1337.0,34.0,71.4547593835,185.707275711,6.046801785983043E7,134152.7450291811,7.45437546746,22.3852084942,2997.0,0.0,298988.0,12.9364832122,29.6025456226,3023.0,0.0,298995.0,17.5910454786,34.6120655072,2997.0,0.0,0,0,0,0,640432,470320,77302.296025,56850.4490042,28.0,1337.0,450.753589948,504.04615419,254062.525554,0,0,0,0,0,0,0,0,0.0,450.764827603,729.677973435,71.4547593835,0,0,0,18079635,40111,60468017,0,0,0,0,0,0,23112,-1,0.0,0.0,0.0,0.0,0.0,0.0,0.0,0.0,live
296119,10995,2728,13834114.0,451620.0,1337.0,28.0,1258.21864484,291.809089466,1337.0,29.0,165.549853372,331.064101635,4.8243219786639825E7,46342.85540610363,21.5798717388,279.485403958,5101.0,0.0,296119.0,26.9346006913,312.426699341,5101.0,0.0,296090.0,108.577191052,620.538411849,5106.0,0.0,0,0,0,0,280140,70004,37130.3428689,9212.51253719,28.0,1337.0,1040.9457884,529.348173158,280209.488426,0,0,0,0,0,0,0,0,0.0,1041.0216425,1258.21864484,165.549853372,0,0,0,14285734,13723,48243219,0,0,0,0,0,0,10994,8,0.0,0.0,0.0,0.0,0.0,0.0,0.0,0.0,live
299015,38136,56433,2843084.0,42781243.0,1337.0,29.0,74.5511852318,193.319382743,1337.0,28.0,758.089114525,460.544383564,1.5258206778924134E8,316268.4146280287,3.1619046612,7.16241436467,158.0,0.0,299005.0,7.84069752196,12.6619505529,196.0,0.0,299014.0,5.29866033456,9.69211525036,159.0,0.0,0,0,0,0,1050768,1548593,127538.752237,188729.662392,28.0,1337.0,482.451210743,504.058090828,254074.558929,0,0,0,0,0,0,0,0,1.0,482.456312322,74.5511852318,758.089114525,0,0,0,45624327,94569,152582067,0,0,0,0,0,0,38135,-1,0.0,0.0,0.0,0.0,0.0,0.0,0.0,0.0,live
299016,39573,29252,25933033.0,1948900.0,1337.0,28.0,655.321380739,444.32008261,1337.0,29.0,66.6245043074,174.51638001,9.324562230783637E7,230171.62961179335,4.34464721609,9.07992669415,141.0,0.0,299012.0,7.55615081371,12.2651048742,152.0,0.0,299014.0,10.2223513726,14.5203280162,178.0,0.0,0,0,0,0,1091108,806856,132344.088611,97827.5410012,28.0,1337.0,405.114825793,459.506890226,211146.582165,0,0,0,0,0,0,0,0,0.0,405.120711951,655.321380739,66.6245043074,0,0,0,27881933,68825,93245622,0,0,0,0,0,0,39572,-1,0.0,0.0,0.0,0.0,0.0,0.0,0.0,0.0,live
278609,9390,11578,596326.0,9829715.0,1337.0,31.0,63.5064962726,171.715187951,1337.0,29.0,848.999395405,531.280516666,3.742176670531103E7,75259.59319332828,13.2879763438,107.733276639,11068.0,0.0,278609.0,29.6739801896,161.462024017,11068.0,0.0,278580.0,24.0632288158,145.825772123,11121.0,0.0,0,0,0,0,256252,312412,33703.1467038,41556.4464895,29.0,1337.0,497.275883447,567.141821857,321649.846099,0,0,0,0,0,0,0,0,1.0,497.29959939,63.5064962726,848.999395405,0,0,0,10426041,20968,37421766,0,0,0,0,0,0,9389,8,0.0,0.0,0.0,0.0,0.0,0.0,0.0,0.0,live
299242,24123,17236,18406463.0,1211370.0,1337.0,28.0,763.025452887,483.084451242,1337.0,34.0,70.281387793,182.575850012,6.555842094358412E7,138212.55037728662,7.23540790174,15.1105765165,165.0,0.0,299242.0,12.4053561065,19.9431558464,168.0,0.0,299242.0,17.3624601102,23.9730331744,236.0,0.0,0,0,0,0,646497,461458,80613.683908,57598.8664693,28.0,1337.0,474.351112186,516.396388061,266665.229603,0,0,0,0,0,0,0,0,0.0,474.3625813,763.025452887,70.281387793,0,0,0,19617833,41359,65558420,0,0,0,0,0,0,24122,-1,0.0,0.0,0.0,0.0,0.0,0.0,0.0,0.0,live
299249,13937,11710,11583172.0,724832.0,1337.0,29.0,831.109420966,532.204049196,1070.0,29.0,61.8985482494,163.190353864,4.112964120180853E7,85704.54704944712,11.6684473212,20.2976196517,374.0,0.0,299249.0,21.4730912744,29.2161683482,399.0,0.0,299249.0,25.557178239,33.1574354438,374.0,0.0,0,0,0,0,368097,310210,46573.2550485,39131.292001,29.0,1337.0,479.933445103,559.37398472,312899.254782,0,0,0,0,0,0,0,0,0.0,479.952158147,831.109420966,61.8985482494,0,0,0,12308004,25647,41129641,0,0,0,0,0,0,13936,-1,0.0,0.0,0.0,0.0,0.0,0.0,0.0,0.0,live
299280,72874,39716,65270531.0,2992722.0,1337.0,28.0,895.662801548,469.935588885,1337.0,29.0,75.3530567026,195.738769423,2.280915964982625E8,376202.8869286287,2.65816376378,6.47569850216,107.0,0.0,299280.0,4.10687085752,8.59448886839,111.0,0.0,299278.0,7.5356414453,12.1519648524,244.0,0.0,0,0,0,0,1866111,1045112,243497.72788,132705.159048,28.0,1337.0,606.305770443,556.859351944,310092.337847,0,0,0,0,0,0,0,0,0.0,606.31115552,895.662801548,75.3530567026,0,0,0,68263253,112590,228091596,0,0,0,0,0,0,72873,-1,0.0,0.0,0.0,0.0,0.0,0.0,0.0,0.0,live
299266,39679,29218,25690167.0,1967486.0,1337.0,28.0,647.449960937,432.368290216,1337.0,29.0,67.3381477172,176.470908912,9.241829342457882E7,230219.93811525535,4.34373548537,8.94339527146,93.0,0.0,299265.0,7.54234084379,12.0780288266,93.0,0.0,299266.0,10.2428723004,14.3325998314,252.0,0.0,0,0,0,0,1054316,775924,132587.731316,97632.2067993,28.0,1337.0,401.436703533,450.621891207,203060.088835,0,0,0,0,0,0,0,0,0.0,401.442530154,647.449960937,67.3381477172,0,0,0,27657653,68897,92418293,0,0,0,0,0,0,39678,-1,0.0,0.0,0.0,0.0,0.0,0.0,0.0,0.0,live
299153,23200,16984,16565456.0,1214392.0,1337.0,28.0,714.028275862,480.471506669,1043.0,29.0,71.502119642,185.337701476,5.943396188572403E7,134325.91349576972,7.44476519921,15.8785827511,1050.0,0.0,299152.0,12.8950385792,21.1778434367,1078.0,0.0,299152.0,17.6147912619,25.4871648028,1050.0,0.0,0,0,0,0,616232,449684,77552.2892968,56773.624199,28.0,1337.0,442.482941396,498.55098518,248553.084824,0,0,0,0,0,0,0,0,0.0,442.493952817,714.028275862,71.502119642,0,0,0,17779848,40184,59433961,0,0,0,0,0,0,23199,8,0.0,0.0,0.0,0.0,0.0,0.0,0.0,0.0,live
299144,12787,11348,10614491.0,686542.0,1337.0,29.0,830.10017987,525.55650785,1059.0,32.0,60.4989425449,162.603741719,3.7777902949749954E7,80680.20752547268,12.3951272064,22.1774448782,957.0,0.0,299144.0,23.3962146097,31.8674424682,982.0,0.0,299100.0,26.3593901472,35.897537667,989.0,0.0,0,0,0,0,339164,299612,42745.2999224,37934.907603,29.0,1337.0,468.227419622,553.451810695,306308.906762,0,0,0,0,0,0,0,0,0.0,468.246819971,830.10017987,60.4989425449,0,0,0,11301033,24135,37777902,0,0,0,0,0,0,12786,8,0.0,0.0,0.0,0.0,0.0,0.0,0.0,0.0,live
299163,13780,11634,11304485.0,721344.0,1337.0,29.0,820.354499274,535.626700019,1058.0,29.0,62.0030943785,161.307212607,4.01982497835628E7,84950.34479531225,11.7720458033,21.3899712417,995.0,0.0,299163.0,21.7115175267,30.7604545732,1046.0,0.0,299117.0,25.7127997937,35.0526763456,995.0,0.0,0,0,0,0,366148,308680,46061.8458833,38888.498912,29.0,1337.0,473.230690537,556.990070075,310237.938162,0,0,0,0,0,0,0,0,0.0,473.249311403,820.354499274,62.0030943785,0,0,0,12025829,25414,40198249,0,0,0,0,0,0,13779,8,0.0,0.0,0.0,0.0,0.0,0.0,0.0,0.0,live
299157,75503,42262,63096620.0,3426058.0,1337.0,28.0,835.683615221,465.337805372,1337.0,29.0,81.0671052009,208.498702613,2.2236711158354977E8,393656.1738485143,2.54030943242,6.04185760341,360.0,0.0,299157.0,3.96223941088,7.95952508693,387.0,0.0,299155.0,7.07874872814,11.750091303,360.0,0.0,0,0,0,0,1996156,1116028,252385.870964,141270.302884,28.0,1337.0,564.880084235,534.274605016,285449.353565,0,0,0,0,0,0,0,0,0.0,564.884880907,835.683615221,81.0671052009,0,0,0,66522678,117765,222367111,0,0,0,0,0,0,75502,8,0.0,0.0,0.0,0.0,0.0,0.0,0.0,0.0,live
299175,37806,28704,22399527.0,1919774.0,1337.0,28.0,592.486033963,414.229147764,1337.0,29.0,66.8817586399,175.256432155,8.128787833207987E7,222311.35622963146,4.49826339292,9.76937790823,991.0,0.0,299175.0,7.91363576247,13.1585914826,995.0,0.0,299173.0,10.4230568233,15.8054639205,991.0,0.0,0,0,0,0,1002823,759388,126367.510654,95943.8455753,28.0,1337.0,365.645397002,422.562095707,178558.724728,0,0,0,0,0,0,0,0,0.0,365.650894602,592.486033963,66.8817586399,0,0,0,24319301,66510,81287878,0,0,0,0,0,0,37805,-1,0.0,0.0,0.0,0.0,0.0,0.0,0.0,0.0,live
288478,20013,13874,15220575.0,1047958.0,1337.0,28.0,760.534402638,481.88152755,1337.0,34.0,75.5339483927,196.428589852,5.639436282836126E7,117468.22981301867,8.51319128844,49.5844159128,3919.0,0.0,288478.0,14.4152508495,66.0581981001,3925.0,0.0,288009.0,20.7603978952,92.4835701775,5405.0,0.0,0,0,0,0,554176,382184,69374.4410319,48093.7887811,28.0,1337.0,480.084661237,516.124471685,266384.470272,0,0,0,0,0,0,0,0,0.0,480.098828459,760.534402638,75.5339483927,0,0,0,16268533,33887,56394362,0,0,0,0,0,0,20012,-1,0.0,0.0,0.0,0.0,0.0,0.0,0.0,0.0,live
248118,10158,9166,8265535.0,562392.0,1337.0,29.0,813.697086041,529.323471699,1060.0,29.0,61.356316823,160.928102758,3.557955085886554E7,77882.29793888392,12.8405527092,39.8056814447,3052.0,0.0,246098.0,24.2293984444,55.6240098766,3467.0,0.0,248089.0,27.0691762139,75.6718230796,5072.0,0.0,0,0,0,0,280339,251686,40940.1978091,36942.1001298,29.0,1337.0,456.83606727,548.345635214,300682.935658,0,0,0,0,0,0,0,0,0.0,456.859708135,813.697086041,61.356316823,0,0,0,8827927,19324,35579550,0,0,0,0,0,0,10157,-1,0.0,0.0,0.0,0.0,0.0,0.0,0.0,0.0,live
248145,12066,9404,10361105.0,577174.0,1337.0,29.0,858.702552627,533.435664578,1067.0,29.0,61.3753721821,159.761043025,4.408019101734873E7,86521.99318946584,11.5582933532,36.5913727345,3052.0,0.0,248135.0,20.566514712,54.9404162965,3467.0,0.0,248123.0,26.3876422418,68.140853566,3917.0,0.0,0,0,0,0,336774,259386,48624.7959862,37897.1972032,29.0,1337.0,509.455451539,572.341820859,327575.159904,0,0,0,0,0,0,0,0,0.0,509.479180252,858.702552627,61.3753721821,0,0,0,10938279,21470,44080191,0,0,0,0,0,0,12065,-1,0.0,0.0,0.0,0.0,0.0,0.0,0.0,0.0,live
257431,61487,34946,51334707.0,2859338.0,1337.0,28.0,834.88716314,471.878945333,1337.0,29.0,81.8216104847,210.121886145,2.1051872152149507E8,374597.46495177347,2.66955989713,22.1527539305,3195.0,0.0,257159.0,4.18239924536,29.0818367843,3467.0,0.0,257427.0,7.36663328087,48.2474047177,5405.0,0.0,0,0,0,0,1651349,954040,238848.468133,135748.996819,28.0,1337.0,561.982081009,537.599761729,289013.503811,0,0,0,0,0,0,0,0,0.0,561.987908703,834.88716314,81.8216104847,0,0,0,54194045,96433,210518721,0,0,0,0,0,0,61486,-1,0.0,0.0,0.0,0.0,0.0,0.0,0.0,0.0,live
288538,34702,24161,22972702.0,1693644.0,1337.0,28.0,661.999366031,441.303282939,1337.0,29.0,70.0982575225,183.920745413,8.548733962251072E7,204004.32525351946,4.90194013115,33.4152727391,3804.0,0.0,288506.0,8.31405435002,44.2691679892,3804.0,0.0,288537.0,11.9427566225,69.3277166189,6981.0,0.0,0,0,0,0,964903,669092,120268.387526,83735.9377274,28.0,1337.0,419.062160234,462.043862219,213484.530614,0,0,0,0,0,0,0,0,0.0,419.069279513,661.999366031,70.0982575225,0,0,0,24666346,58863,85487339,0,0,0,0,0,0,34701,-1,0.0,0.0,0.0,0.0,0.0,0.0,0.0,0.0,live
288281,15528,20453,1081162.0,14999646.0,1337.0,29.0,69.6266099948,185.062340533,1337.0,28.0,733.371436953,474.154098159,5.578171298143131E7,124812.24915967406,8.01225680934,24.5440331035,1837.0,0.0,288214.0,18.5621176016,43.2740964048,2421.0,0.0,288275.0,14.0951985136,33.2797581644,1839.0,0.0,0,0,0,0,433968,571644,53864.1117521,70948.1374076,28.0,1337.0,446.949724862,500.667918357,250668.364472,0,0,0,0,0,0,0,0,1.0,446.962146689,69.6266099948,733.371436953,0,0,0,16080808,35981,55781712,0,0,0,0,0,0,15527,8,0.0,0.0,0.0,0.0,0.0,0.0,0.0,0.0,live
298890,39036,66675,3199742.0,58215567.0,1337.0,29.0,81.9690029716,211.354721024,1337.0,28.0,873.124364454,473.347136091,2.054779651376761E8,353678.61086018267,2.82745246429,11.6771897264,1696.0,0.0,298883.0,7.65679518381,25.0148447422,2478.0,0.0,298889.0,4.48284188739,15.7914556932,2146.0,0.0,0,0,0,0,1083646,1834928,130603.231958,223075.378902,28.0,1337.0,580.976994097,550.997634499,303598.393224,0,0,0,0,0,0,0,0,1.0,580.982489996,81.9690029716,873.124364454,0,0,0,61415309,105711,205477965,0,0,0,0,0,0,39035,-1,0.0,0.0,0.0,0.0,0.0,0.0,0.0,0.0,live
298205,28000,37094,1928872.0,23644446.0,1337.0,29.0,68.8882857143,180.670719075,1337.0,28.0,637.419690516,436.732141381,8.575750909609161E7,218286.0783689073,4.58121456992,21.3217098825,3715.0,0.0,298205.0,10.6505589485,36.8196203701,3715.0,0.0,298180.0,8.0387135039,28.6970046203,3791.0,0.0,0,0,0,0,784336,1042920,93895.1392498,124390.939119,28.0,1337.0,392.882018588,449.412694961,201971.770392,0,0,0,0,0,0,0,0,1.0,392.888054199,68.8882857143,637.419690516,0,0,0,25573318,65094,85757509,0,0,0,0,0,0,27999,8,0.0,0.0,0.0,0.0,0.0,0.0,0.0,0.0,live
299117,72020,41030,63227384.0,3191132.0,1337.0,28.0,877.914246043,473.946291286,1337.0,31.0,77.7755788447,200.759637438,2.2204861642768547E8,377945.75366829697,2.64590575768,6.57380379943,78.0,0.0,299117.0,4.15330676627,8.71486538127,80.0,0.0,299078.0,7.28942942797,11.896282902,186.0,0.0,0,0,0,0,1943340,1112540,240775.348777,137170.404892,28.0,1337.0,587.521074559,552.954714694,305758.916502,0,0,0,0,0,0,0,0,0.0,587.526271561,877.914246043,77.7755788447,0,0,0,66418516,113050,222048616,0,0,0,0,0,0,72019,-1,0.0,0.0,0.0,0.0,0.0,0.0,0.0,0.0,live
299090,41553,30940,27788002.0,2004214.0,1337.0,28.0,668.736360792,442.074284545,1337.0,29.0,64.7774402069,169.661707453,9.960953559129359E7,242378.54826306461,4.12583457485,8.71351503966,88.0,0.0,299090.0,7.19796881017,11.731135497,89.0,0.0,299088.0,9.66702220498,13.7199953395,217.0,0.0,0,0,0,0,1138762,846566,138931.425323,103447.12294,28.0,1337.0,410.968038734,462.103769779,213539.894044,0,0,0,0,0,0,0,0,0.0,410.973707806,668.736360792,64.7774402069,0,0,0,29792216,72493,99609535,0,0,0,0,0,0,41552,-1,0.0,0.0,0.0,0.0,0.0,0.0,0.0,0.0,live
299058,23180,17966,16690074.0,1236796.0,1337.0,28.0,720.020448663,481.822874758,1054.0,29.0,68.8409217411,178.905064385,5.994445893438731E7,137585.35133653003,7.26839227124,15.1822545814,201.0,0.0,299036.0,12.9011605332,20.0696824732,202.0,0.0,299058.0,16.6467019204,22.9766620594,237.0,0.0,0,0,0,0,634184,490404,77510.0482181,60075.3031185,28.0,1337.0,435.691569252,499.060711153,249061.593416,0,0,0,0,0,0,0,0,0.0,435.702158168,720.020448663,68.8409217411,0,0,0,17926870,41146,59944458,0,0,0,0,0,0,23179,8,0.0,0.0,0.0,0.0,0.0,0.0,0.0,0.0,live
299105,12989,11540,10459466.0,702558.0,1337.0,29.0,805.255677881,536.07267553,1075.0,32.0,60.8802426343,164.137907985,3.731807893549088E7,82007.9905050066,12.1944308545,20.4157702749,202.0,0.0,299105.0,23.0293347706,29.6925258954,223.0,0.0,299061.0,25.9174105208,33.2340177929,234.0,0.0,0,0,0,0,356671,315550,43426.221561,38581.768944,29.0,1337.0,455.046840603,550.344123891,302878.654702,0,0,0,0,0,0,0,0,0.0,455.065391985,805.255677881,60.8802426343,0,0,0,11162024,24529,37318078,0,0,0,0,0,0,12988,-1,0.0,0.0,0.0,0.0,0.0,0.0,0.0,0.0,live
299314,69775,41606,60482584.0,3213624.0,1337.0,28.0,866.823131494,472.429490054,1337.0,29.0,77.2394366197,199.588922131,2.1280731272175705E8,372120.91649572016,2.68732267912,6.54504642948,82.0,-1.0,299314.0,4.28976409551,8.74622550923,84.0,0.0,299311.0,7.1941112847,11.752558914,185.0,0.0,0,0,0,0,1830724,1103378,233116.392818,139004.523677,28.0,1337.0,571.88358083,548.263309638,300592.656695,0,0,0,0,0,0,0,0,0.0,571.888715311,866.823131494,77.2394366197,0,0,0,63696208,111381,212807312,0,0,0,0,0,0,69774,-1,0.0,0.0,0.0,0.0,0.0,0.0,0.0,0.0,live
299319,30694,40023,1995846.0,25099527.0,1337.0,29.0,65.0239786277,170.32353971,1337.0,28.0,627.127576643,431.911336148,9.052339811371814E7,236259.64272231297,4.2326913287,8.84626054281,102.0,0.0,299319.0,9.75202814974,13.7946716215,168.0,0.0,299285.0,7.47801209335,11.9066063992,102.0,0.0,0,0,0,0,821762,1072689,102546.11301,133713.529712,28.0,1337.0,383.147260952,442.474914169,195784.049669,0,0,0,0,0,0,0,0,1.0,383.152678988,65.0239786277,627.127576643,0,0,0,27095373,70717,90523398,0,0,0,0,0,0,30693,-1,0.0,0.0,0.0,0.0,0.0,0.0,0.0,0.0,live
299327,17748,23004,1227880.0,16680786.0,1337.0,29.0,69.1841334235,180.016364816,1337.0,28.0,725.125456442,477.187040328,5.982977145396172E7,136145.41955787482,7.3452676008,15.3278079103,241.0,0.0,299327.0,16.8663436074,23.139806285,242.0,0.0,299312.0,13.0118680172,20.1434316022,241.0,0.0,0,0,0,0,475150,616585,59293.0139947,76852.4055631,28.0,1337.0,439.44504699,498.421755148,248424.246005,0,0,0,0,0,0,0,0,1.0,439.455830389,69.1841334235,725.125456442,0,0,0,17908666,40752,59829771,0,0,0,0,0,0,17747,-1,0.0,0.0,0.0,0.0,0.0,0.0,0.0,0.0,live
299328,11556,13125,722722.0,10848044.0,1075.0,29.0,62.5408445829,163.814391311,1337.0,29.0,826.517638095,531.60854347,3.86558090121873E7,82454.69852469533,12.128363047,20.562719972,358.0,0.0,299328.0,25.9046300303,33.5799214098,361.0,0.0,299296.0,22.8052423042,29.866558106,384.0,0.0,0,0,0,0,308500,350054,38606.4785119,43848.2200128,29.0,1337.0,468.795154364,555.13221703,308171.778384,0,0,0,0,0,0,0,0,1.0,468.814148535,62.5408445829,826.517638095,0,0,0,11570766,24681,38655809,0,0,0,0,0,0,11555,-1,0.0,0.0,0.0,0.0,0.0,0.0,0.0,0.0,live
299064,39707,30094,25071536.0,1975974.0,1337.0,28.0,631.413503916,427.715652314,1337.0,29.0,65.6600651293,172.030160484,9.044054115507048E7,233398.20239146135,4.28458452722,8.939384322,114.0,0.0,299064.0,7.5319599053,12.0378992073,131.0,0.0,299010.0,9.93619778686,14.4870138759,295.0,0.0,0,0,0,0,1058803,802996,132770.911912,100627.29048,28.0,1337.0,387.495558867,441.956456055,195325.509049,0,0,0,0,0,0,0,0,0.0,387.501110299,631.413503916,65.6600651293,0,0,0,27047510,69801,90440541,0,0,0,0,0,0,39706,-1,0.0,0.0,0.0,0.0,0.0,0.0,0.0,0.0,live
299038,40980,72658,3231384.0,63913803.0,1337.0,29.0,78.8527086384,203.197582648,1337.0,28.0,879.652660409,475.733878892,2.2453730629552096E8,380011.90484152513,2.63151966349,6.49312599565,114.0,0.0,299038.0,7.29734742185,12.3892958362,252.0,0.0,299016.0,4.11544655023,8.59046419734,114.0,0.0,0,0,0,0,1082540,1898844,137039.439804,242972.465038,28.0,1337.0,590.86424555,554.489357949,307458.448078,0,0,0,0,0,0,0,0,1.0,590.86944508,78.8527086384,879.652660409,0,0,0,67145187,113638,224537306,0,0,0,0,0,0,40979,8,0.0,0.0,0.0,0.0,0.0,0.0,0.0,0.0,live
299005,23217,17526,17009694.0,1246226.0,1337.0,28.0,732.639617522,477.689086495,1337.0,29.0,71.1072692,184.860020503,6.105556763264828E7,136261.93541914015,7.33898679495,15.3767262958,356.0,0.0,299004.0,12.8792212267,20.2263535369,359.0,0.0,299002.0,17.0614550642,23.8255361981,356.0,0.0,0,0,0,0,618000,467672,77647.5309777,58614.4044414,28.0,1337.0,448.076182996,501.991329004,251995.294395,0,0,0,0,0,0,0,0,0.0,448.08718062,732.639617522,71.1072692,0,0,0,18255920,40743,61055567,0,0,0,0,0,0,23216,8,0.0,0.0,0.0,0.0,0.0,0.0,0.0,0.0,live
298986,12896,11246,10678071.0,711374.0,1337.0,29.0,828.014190447,528.529897482,1076.0,29.0,63.2557353726,166.060878149,3.809357294321474E7,80746.25567752337,12.3849881944,20.6827737517,208.0,0.0,298981.0,23.1858084529,29.9568724734,226.0,0.0,298985.0,26.5882614495,34.6565319824,299.0,0.0,0,0,0,0,345096,299520,43132.4543624,37613.8013151,29.0,1337.0,471.804415358,554.628034213,307612.256335,0,0,0,0,0,0,0,0,0.0,471.823958247,828.014190447,63.2557353726,0,0,0,11389445,24142,38093572,0,0,0,0,0,0,12895,8,0.0,0.0,0.0,0.0,0.0,0.0,0.0,0.0,live
299114,69823,41164,60420415.0,3199998.0,1337.0,28.0,865.336851754,471.593361282,1337.0,29.0,77.737780585,200.815147838,2.1269620612876695E8,371052.5084081655,2.69506063828,6.54519714314,79.0,0.0,299114.0,4.28395061728,8.7563683263,82.0,0.0,299099.0,7.26620994583,11.9314145397,184.0,0.0,0,0,0,0,1924287,1142628,233432.73802,137619.770389,28.0,1337.0,573.223690849,547.363237105,299606.513334,0,0,0,0,0,0,0,0,0.0,573.228855632,865.336851754,77.737780585,0,0,0,63620413,110987,212696206,0,0,0,0,0,0,69822,-1,0.0,0.0,0.0,0.0,0.0,0.0,0.0,0.0,live
299120,39567,30220,25319086.0,1996832.0,1337.0,28.0,639.904112013,430.650892052,1337.0,29.0,66.0765056254,172.958870668,9.132093474190961E7,233307.70259427655,4.28624652509,9.05172413492,83.0,0.0,299120.0,7.56002628519,12.2325676702,83.0,0.0,299106.0,9.89794500149,14.0349771348,194.0,0.0,0,0,0,0,1105825,842784,132278.015512,101029.687082,28.0,1337.0,391.420459105,446.031464004,198944.066882,0,0,0,0,0,0,0,0,0.0,391.426067892,639.904112013,66.0765056254,0,0,0,27315918,69787,91320934,0,0,0,0,0,0,39566,-1,0.0,0.0,0.0,0.0,0.0,0.0,0.0,0.0,live
299073,24315,17668,18471580.0,1224944.0,1337.0,28.0,759.678387826,485.05622615,1337.0,29.0,69.3312202853,180.289988871,6.585858302153655E7,140377.0985679082,7.12383878805,15.1631222814,159.0,0.0,299046.0,12.2993337172,19.8630542092,160.0,0.0,299072.0,16.928284372,23.2400973487,170.0,0.0,0,0,0,0,680405,493208,81301.2207722,59075.8777957,28.0,1337.0,469.175233422,515.862103641,266113.709973,0,0,0,0,0,0,0,0,0.0,469.186408785,759.678387826,69.3312202853,0,0,0,19696524,41983,65858583,0,0,0,0,0,0,24314,-1,0.0,0.0,0.0,0.0,0.0,0.0,0.0,0.0,live
299093,14935,11880,13451992.0,741772.0,1337.0,29.0,900.70251088,520.313209289,1077.0,34.0,62.4387205387,163.301416368,4.74560220399675E7,89654.38843436657,11.1543596629,20.0141263144,520.0,0.0,299093.0,20.0276550154,29.1102085906,524.0,0.0,299037.0,25.173583635,33.482535061,523.0,0.0,0,0,0,0,417651,331214,49934.3013711,39720.0870632,29.0,1337.0,529.308808174,579.64130272,335984.039819,0,0,0,0,0,0,0,0,0.0,529.328547455,900.70251088,62.4387205387,0,0,0,14193764,26815,47456022,0,0,0,0,0,0,14934,-1,0.0,0.0,0.0,0.0,0.0,0.0,0.0,0.0,live
298893,67776,40222,57654396.0,3170928.0,1337.0,28.0,850.660941926,471.673106366,1337.0,31.0,78.8356620755,203.332733922,2.0350200238881472E8,361326.6285928409,2.76760465568,6.62688617743,85.0,0.0,298893.0,4.41007746219,8.89716559017,85.0,0.0,298881.0,7.43096889684,12.042665724,265.0,0.0,0,0,0,0,1859772,1113840,226756.732342,134569.89625,28.0,1337.0,563.203964852,542.447930242,294249.757024,0,0,0,0,0,0,0,0,0.0,563.2091798,850.660941926,78.8356620755,0,0,0,60825324,107998,203502002,0,0,0,0,0,0,67775,8,0.0,0.0,0.0,0.0,0.0,0.0,0.0,0.0,live
298907,30079,41156,1977533.0,26792197.0,1337.0,29.0,65.744639117,172.151327555,1337.0,28.0,650.991277092,441.045308948,9.624976999534974E7,238318.27290762682,4.19612825336,8.97058969082,94.0,0.0,298906.0,9.93769532549,14.0901174852,266.0,0.0,298886.0,7.26244684728,12.064045521,94.0,0.0,0,0,0,0,838243,1147336,100629.961828,137688.31108,28.0,1337.0,403.865531473,456.568661258,208454.942443,0,0,0,0,0,0,0,0,1.0,403.871200955,65.744639117,650.991277092,0,0,0,28769730,71235,96249769,0,0,0,0,0,0,30078,-1,0.0,0.0,0.0,0.0,0.0,0.0,0.0,0.0,live
298885,25458,17884,20367764.0,1231762.0,1337.0,28.0,800.053578443,486.330873846,1337.0,29.0,68.8750838739,179.051438106,7.226701239607206E7,145012.29569901468,6.89612607,14.7856163966,193.0,0.0,298885.0,11.7407785678,19.359982976,215.0,0.0,298879.0,16.7130235419,22.8451521138,201.0,0.0,0,0,0,0,706804,496588,85176.5729294,59835.7227696,28.0,1337.0,498.357520245,530.775625054,281722.764152,0,0,0,0,0,0,0,0,0.0,498.369018504,800.053578443,68.8750838739,0,0,0,21599526,43342,72267012,0,0,0,0,0,0,25457,8,0.0,0.0,0.0,0.0,0.0,0.0,0.0,0.0,live
298894,11486,12563,719838.0,10321319.0,1075.0,29.0,62.6709037089,164.347485386,1337.0,29.0,821.56483324,532.771487044,3.694004228923967E7,80459.96239469512,12.4290585496,20.0200454436,243.0,0.0,298894.0,26.024727906,33.2085372581,359.0,0.0,298842.0,23.7893647508,29.7114438498,245.0,0.0,0,0,0,0,319606,349964,38428.3391436,42031.6232511,29.0,1337.0,459.093222453,552.145423746,304864.568963,0,0,0,0,0,0,0,0,1.0,459.112312362,62.6709037089,821.56483324,0,0,0,11041157,24049,36940042,0,0,0,0,0,0,11485,-1,0.0,0.0,0.0,0.0,0.0,0.0,0.0,0.0,live
