Fwd Packet Length Std,Bwd IAT Total,Packet Length Mean,Label
378.165274746,150541.0,1278.92224913,vod
378.165274746,150541.0,1278.92224913,vod
214.643305812,37809.0,1242.32333052,vod
214.643305812,37809.0,1242.32333052,vod
269.547150686,103846.0,1289.08604903,vod
269.547150686,103846.0,1289.08604903,vod
385.626662501,285358.0,1304.40014848,vod
385.626662501,285358.0,1304.40014848,vod
322.054923585,93534.0,1298.17459055,vod
322.054923585,93534.0,1298.17459055,vod
348.655920106,136214.0,1278.26350414,vod
348.655920106,136214.0,1278.26350414,vod
292.895831382,111138.0,1285.98183752,vod
292.895831382,111138.0,1285.98183752,vod
330.797472827,160082.0,1305.48123056,vod
330.797472827,160082.0,1305.48123056,vod
259.68415863,160796.0,1295.82860925,vod
259.68415863,160796.0,1295.82860925,vod
303.112248982,125634.0,1306.35074808,vod
303.112248982,125634.0,1306.35074808,vod
306.517810324,43448.0,1308.85633961,vod
306.517810324,43448.0,1308.85633961,vod
284.260811229,151870.0,1280.82333291,vod
284.260811229,151870.0,1280.82333291,vod
318.009524168,276037.0,1299.30657213,vod
318.009524168,276037.0,1299.30657213,vod
288.011376535,90951.0,1306.3864781,vod
288.011376535,90951.0,1306.3864781,vod
367.500005379,149879.0,1304.2949326,vod
367.500005379,149879.0,1304.2949326,vod
364.520455012,276358.0,1294.10302788,vod
364.520455012,276358.0,1294.10302788,vod
300.779716152,145904.0,1295.45131613,vod
300.779716152,145904.0,1295.45131613,vod
260.220280141,14002.0,1258.65947918,vod
260.220280141,14002.0,1258.65947918,vod
261.705705469,26104.0,1282.082119,vod
261.705705469,26104.0,1282.082119,vod
342.905314106,120361.0,1300.2999852,vod
342.905314106,120361.0,1300.2999852,vod
342.404642246,271693.0,1292.81001949,vod
342.404642246,271693.0,1292.81001949,vod
183.500004127,119947.0,1223.565644,vod
183.500004127,119947.0,1223.565644,vod
332.073377211,205402.0,1291.01169563,vod
332.073377211,205402.0,1291.01169563,vod
354.725403995,258331.0,1299.40554538,vod
354.725403995,258331.0,1299.40554538,vod
297.81066244,73193.0,1311.34229894,vod
297.81066244,73193.0,1311.34229894,vod
310.343805365,228856.0,1285.33218454,vod
310.343805365,228856.0,1285.33218454,vod
353.09783455,286678.0,1305.62029604,vod
353.09783455,286678.0,1305.62029604,vod
371.525654403,182258.0,1280.09267111,vod
371.525654403,182258.0,1280.09267111,vod
281.071080767,81204.0,1299.87097693,vod
281.071080767,81204.0,1299.87097693,vod
384.680702957,133604.0,1306.66864407,vod
384.680702957,133604.0,1306.66864407,vod
349.137169275,132917.0,1286.59058672,vod
349.137169275,132917.0,1286.59058672,vod
310.753047739,285640.0,1295.42183679,vod
310.753047739,285640.0,1295.42183679,vod
320.479050815,259086.0,1266.17941849,vod
320.479050815,259086.0,1266.17941849,vod
330.862560817,30508.0,1301.04573991,vod
330.862560817,30508.0,1301.04573991,vod
300.398224979,131499.0,1250.51566322,vod
300.398224979,131499.0,1250.51566322,vod
309.820902164,297423.0,1295.38228209,vod
309.820902164,297423.0,1295.38228209,vod
305.241353446,63570.0,1289.16760309,vod
305.241353446,63570.0,1289.16760309,vod
296.099707069,134235.0,1288.75468975,vod
296.099707069,134235.0,1288.75468975,vod
319.710627814,150366.0,1282.77226203,vod
319.710627814,150366.0,1282.77226203,vod
293.102691997,72312.0,1260.92835821,vod
293.102691997,72312.0,1260.92835821,vod
269.991975189,80711.0,1296.37555082,vod
269.991975189,80711.0,1296.37555082,vod
338.845611536,297309.0,1302.64685214,vod
338.845611536,297309.0,1302.64685214,vod
300.932730911,44690.0,1295.60443852,vod
300.932730911,44690.0,1295.60443852,vod
334.708772037,211753.0,1299.33698123,vod
334.708772037,211753.0,1299.33698123,vod
315.825306526,13149.0,1296.19991829,vod
315.825306526,13149.0,1296.19991829,vod
347.885277619,165192.0,1301.05056877,vod
347.885277619,165192.0,1301.05056877,vod
343.944512348,240369.0,1301.51599474,vod
343.944512348,240369.0,1301.51599474,vod
364.112696674,56856.0,1291.83988631,vod
364.112696674,56856.0,1291.83988631,vod
267.71224147,82302.0,1280.06149324,vod
267.71224147,82302.0,1280.06149324,vod
381.067090432,280431.0,1306.62406615,vod
381.067090432,280431.0,1306.62406615,vod
293.078293281,69858.0,1282.6608424,vod
293.078293281,69858.0,1282.6608424,vod
376.269411517,274029.0,1302.48683988,vod
376.269411517,274029.0,1302.48683988,vod
320.970521366,290368.0,1292.03616876,vod
320.970521366,290368.0,1292.03616876,vod
370.403791499,52742.0,1295.95813397,vod
370.403791499,52742.0,1295.95813397,vod
5.40760025414,20335.0,9786.12464704,vod
5.40760025414,20335.0,9786.12464704,vod
190.254205174,85818.0,1213.04864092,vod
190.254205174,85818.0,1213.04864092,vod
398.537712566,87884.0,1282.10191739,vod
398.537712566,87884.0,1282.10191739,vod
341.44178826,98444.0,1303.69683348,vod
341.44178826,98444.0,1303.69683348,vod
389.996682134,123892.0,1291.11798498,vod
389.996682134,123892.0,1291.11798498,vod
219.274708171,75072.0,1260.06449841,vod
219.274708171,75072.0,1260.06449841,vod
323.047219612,98822.0,1291.24908327,vod
323.047219612,98822.0,1291.24908327,vod
364.759003509,173985.0,1303.79833147,vod
364.759003509,173985.0,1303.79833147,vod
385.883808673,151727.0,1259.44820419,vod
385.883808673,151727.0,1259.44820419,vod
344.709012194,271413.0,1301.11175272,vod
344.709012194,271413.0,1301.11175272,vod
362.498728382,88385.0,1279.12476008,vod
362.498728382,88385.0,1279.12476008,vod
311.089400519,17044.0,1304.16175621,vod
311.089400519,17044.0,1304.16175621,vod
200.576981147,45057.0,1219.76934636,vod
200.576981147,45057.0,1219.76934636,vod
249.66566492,161316.0,1294.89187898,vod
249.66566492,161316.0,1294.89187898,vod
362.232300447,42233.0,1294.09005443,vod
362.232300447,42233.0,1294.09005443,vod
287.574294538,80872.0,1276.71609257,vod
287.574294538,80872.0,1276.71609257,vod
329.932597985,27124.0,1308.69828571,vod
329.932597985,27124.0,1308.69828571,vod
297.324606062,32159.0,1296.66988417,vod
297.324606062,32159.0,1296.66988417,vod
312.804110829,270529.0,1298.02918757,vod
312.804110829,270529.0,1298.02918757,vod
338.967008953,139802.0,1284.40256793,vod
338.967008953,139802.0,1284.40256793,vod
365.909016235,271186.0,1307.50180973,vod
365.909016235,271186.0,1307.50180973,vod
251.132898515,154814.0,1267.65894189,vod
251.132898515,154814.0,1267.65894189,vod
362.54424904,221231.0,1298.95890343,vod
362.54424904,221231.0,1298.95890343,vod
360.76457139,286745.0,1308.42844505,vod
360.76457139,286745.0,1308.42844505,vod
337.680782632,179799.0,1295.93377993,vod
337.680782632,179799.0,1295.93377993,vod
201.706268455,57764.0,1291.84288778,vod
201.706268455,57764.0,1291.84288778,vod
347.720805571,150837.0,1309.34051929,vod
347.720805571,150837.0,1309.34051929,vod
297.145814702,72742.0,1296.44530734,vod
297.145814702,72742.0,1296.44530734,vod
315.201089228,106893.0,1307.98053384,vod
315.201089228,106893.0,1307.98053384,vod
254.139464246,80033.0,1297.34171769,vod
254.139464246,80033.0,1297.34171769,vod
305.666864058,97756.0,1282.55041955,vod
305.666864058,97756.0,1282.55041955,vod
192.203711229,14803.0,1241.60090571,vod
192.203711229,14803.0,1241.60090571,vod
218.659108356,99126.0,1238.04027062,vod
218.659108356,99126.0,1238.04027062,vod
295.107060147,89647.0,1285.2277795,vod
295.107060147,89647.0,1285.2277795,vod
410.931141757,73344.0,1282.33244548,vod
410.931141757,73344.0,1282.33244548,vod
293.087155096,270606.0,1291.410247,vod
293.087155096,270606.0,1291.410247,vod
291.297198388,79898.0,1299.58963816,vod
291.297198388,79898.0,1299.58963816,vod
279.701582364,75310.0,1289.55363105,vod
279.701582364,75310.0,1289.55363105,vod
329.379781558,75731.0,1280.48035915,vod
329.379781558,75731.0,1280.48035915,vod
256.81859016,91445.0,1298.75840906,vod
256.81859016,91445.0,1298.75840906,vod
329.525561317,99979.0,1297.26563186,vod
329.525561317,99979.0,1297.26563186,vod
312.777692893,260823.0,1291.48281945,vod
312.777692893,260823.0,1291.48281945,vod
285.527431529,25690.0,1296.79360366,vod
285.527431529,25690.0,1296.79360366,vod
277.505650564,167720.0,1268.2871074,vod
277.505650564,167720.0,1268.2871074,vod
300.273442412,113203.0,1289.10821492,vod
300.273442412,113203.0,1289.10821492,vod
349.779998317,278827.0,1304.44862619,vod
349.779998317,278827.0,1304.44862619,vod
311.438316775,90247.0,1294.45175936,vod
311.438316775,90247.0,1294.45175936,vod
308.288889099,6975.0,1296.49757134,vod
308.288889099,6975.0,1296.49757134,vod
247.320955984,34659.0,1284.13592233,vod
247.320955984,34659.0,1284.13592233,vod
303.72469278,67618.0,1298.38955149,vod
303.72469278,67618.0,1298.38955149,vod
365.439723916,270469.0,1296.19583085,vod
365.439723916,270469.0,1296.19583085,vod
270.77904733,139823.0,1279.29215714,vod
270.77904733,139823.0,1279.29215714,vod
275.819939469,210050.0,1286.0002932,vod
275.819939469,210050.0,1286.0002932,vod
342.658894313,275321.0,1306.64276478,vod
342.658894313,275321.0,1306.64276478,vod
228.015290317,287012.0,1240.08300586,vod
228.015290317,287012.0,1240.08300586,vod
404.827428369,40403.0,1274.56553974,vod
404.827428369,40403.0,1274.56553974,vod
330.352238772,113054.0,1289.95460101,vod
330.352238772,113054.0,1289.95460101,vod
341.018854046,69170.0,1279.47940913,vod
341.018854046,69170.0,1279.47940913,vod
338.387576747,292045.0,1299.26286954,vod
338.387576747,292045.0,1299.26286954,vod
364.446484996,240850.0,1302.17135817,vod
364.446484996,240850.0,1302.17135817,vod
383.156797982,88988.0,1278.37756038,vod
383.156797982,88988.0,1278.37756038,vod
313.732353205,103658.0,1277.10291979,vod
313.732353205,103658.0,1277.10291979,vod
342.633620272,167436.0,1284.88283235,vod
342.633620272,167436.0,1284.88283235,vod
345.709744675,44363.0,1282.95364908,vod
345.709744675,44363.0,1282.95364908,vod
306.412981312,199915.0,1284.76240639,vod
306.412981312,199915.0,1284.76240639,vod
376.970582279,264498.0,1295.78802088,vod
376.970582279,264498.0,1295.78802088,vod
344.373714171,211085.0,1303.61349441,vod
344.373714171,211085.0,1303.61349441,vod
347.210590973,277816.0,1305.02562875,vod
347.210590973,277816.0,1305.02562875,vod
267.975485767,138080.0,1276.88323213,vod
267.975485767,138080.0,1276.88323213,vod
266.23625659,262001.0,1263.52026587,vod
266.23625659,262001.0,1263.52026587,vod
244.250498223,80150.0,1278.8559824,vod
244.250498223,80150.0,1278.8559824,vod
367.655826449,288077.0,1301.30359077,vod
367.655826449,288077.0,1301.30359077,vod
369.039184414,143469.0,1286.06214237,vod
369.039184414,143469.0,1286.06214237,vod
279.306283192,161570.0,1304.41743675,vod
279.306283192,161570.0,1304.41743675,vod
259.178419866,209827.0,1241.77031881,vod
259.178419866,209827.0,1241.77031881,vod
292.562889747,67088.0,1314.12674271,vod
292.562889747,67088.0,1314.12674271,vod
470.648412907,161849.0,397.894736842,quic
406.664890707,1762197.0,327.611111111,quic
11.0782341881,140068958.0,44.28,quic
151.769283623,378589276.0,946.446709485,quic
586.029822092,130831.0,535.714285714,quic
14.9631491783,0.0,41.4705882353,quic
10.6151457212,400175.0,41.7419354839,quic
4.46414285486,0.0,30.6666666667,quic
191.756319612,18084793.0,953.311827957,quic
9.01456253305,0.0,50.6666666667,quic
3.68272996566,0.0,31.2352941176,quic
534.401305585,337611.0,711.244897959,quic
4.93433065852,0.0,27.5454545455,quic
372.090778371,3909713.0,364.402985075,quic
15.2014791162,0.0,36.6315789474,quic
15.3908670282,0.0,35.4615384615,quic
486.942595086,293142.0,386.636363636,quic
13.4439174446,0.0,32.4333333333,quic
415.10432609,10693945.0,270.672727273,quic
15.0111069989,0.0,38.0769230769,quic
534.771633503,68030.0,516.916666667,quic
597.358583916,124053.0,620.894736842,quic
14.8781818149,0.0,35.9444444444,quic
15.0380469857,0.0,36125,quic
7.04069801734,0.0,25875,quic
6.82408610344,0.0,51675,quic
461.475719064,225907.0,427.947368421,quic
5.61476989962,0.0,27.2142857143,quic
13.6752939492,0.0,36.7464788732,quic
564.565400028,318430.0,458.4,quic
14.5022684251,0.0,37.45,quic
12.2594501364,0.0,47.2222222222,quic
534.089904081,1027096.0,479.777777778,quic
507.743034309,237774.0,546.5,quic
3.85971966565,0.0,28.7857142857,quic
4.98855833741,0.0,27375,quic
9.50788033537,0.0,36.8888888889,quic
566.287363251,266126.0,557.52173913,quic
6.14410286372,0.0,28.2,quic
14.7379017206,0.0,42.2580645161,quic
13.8960215603,0.0,33.2,quic
14.2296553643,0.0,41.2553191489,quic
602.296630216,820021.0,599.285714286,quic
547.580944618,292742.0,501.318181818,quic
606.5,806957.0,777.285714286,quic
526.753447492,560115.0,542.571428571,quic
13.3632676796,0.0,44.0,quic
609.384173924,151050.0,517.0,quic
417.776299725,13231936.0,697.45,quic
392.266753476,13558868.0,433.302325581,quic
13.4678898856,0.0,33.12,quic
749.379020701,18419115.0,1197.35294118,quic
13.4247746541,0.0,42.3122171946,quic
5.78556196689,0.0,26.75,quic
14.8447851806,0.0,33.7777777778,quic
14.8447851806,0.0,33.7777777778,quic
14.5836834692,0.0,34.2222222222,quic
320.807540469,420780.0,349.814814815,quic
11.2408120639,0.0,31.4473684211,quic
447.109391192,643524.0,391.307692308,quic
230.613487561,522783691.0,362.077777778,quic
396.445703313,47923780.0,188.641975309,quic
83.5143416048,23196044.0,1050.6669958,quic
13.7729606274,0.0,34.7,quic
13.7729606274,0.0,34.7,quic
6.73300329224,0.0,26125,quic
4.88829056168,0.0,29.7777777778,quic
4.74709213318,0.0,29.2888888889,quic
277.483924888,25316307.0,195.622222222,quic
5.60843520552,0.0,26.6666666667,quic
5.60843520552,0.0,26.6666666667,quic
5.60843520552,0.0,26.6666666667,quic
5.60843520552,0.0,26.6666666667,quic
5.60843520552,0.0,26.6666666667,quic
5.60843520552,0.0,26.6666666667,quic
5.60843520552,0.0,26.6666666667,quic
5.60843520552,0.0,26.6666666667,quic
5.60843520552,0.0,26.6666666667,quic
5.60843520552,0.0,26.6666666667,quic
5.60843520552,0.0,26.6666666667,quic
5.60843520552,0.0,26.6666666667,quic
584.232354842,305920.0,757.6875,quic
14.4783696736,0.0,35.16,quic
16.6476081508,0.0,36.6666666667,quic
16.6476081508,0.0,36.6666666667,quic
346.540153579,5865653.0,290.758064516,quic
421.920701361,55468121.0,498.883408072,quic
562.521909826,3731536.0,445.795180723,quic
549.730100443,3722034.0,389.393939394,quic
14.4029318003,0.0,36.0,quic
77.4717592138,27544018.0,1126.86880879,quic
15.4990251377,0.0,38.0,quic
589.299429986,250659.0,503.47826087,quic
8.64604894847,0.0,50.8545454545,quic
495.798903166,7236627.0,439.84375,quic
580.890121566,46789.0,484.5,quic
1.04184218645,0.0,33.8624454148,quic
463.948248325,7146784.0,472.416666667,quic
591.535471705,267168.0,489.777777778,quic
0.555825856713,0.0,33.9565667011,quic
326.203835645,900789.0,1103.2635468,quic
257.387429981,443982.0,750.747826087,quic
13.8716891136,0.0,43.2653061224,quic
0.0,40246165.0,37.7142857143,quic
551.568541897,2364818.0,844.00877193,quic
485.895462008,130959.0,546.052631579,quic
3.97228056349,0.0,53.3761682243,quic
614.906171704,223195.0,558.5,quic
710.881143371,46126.0,994.090909091,quic
3.39161037991,0.0,31.9972899729,quic
12.7104886507,0.0,46.1034482759,quic
13.310274178,0.0,43.7368421053,quic
4.09267638594,0.0,29.5,quic
408.628179617,82603081.0,156.956521739,quic
4.14161093978,0.0,27.4807692308,quic
313.020175263,298499.0,751.908256881,quic
451.445605254,166668.0,650.666666667,quic
14.1850593616,0.0,36.3235294118,quic
5.51581747561,0.0,29.6923076923,quic
13.0918817754,0.0,46.2857142857,quic
592.303761049,14324635.0,744.046263345,quic
489.845451818,116016.0,482.076923077,quic
511.753784449,656140.0,516.076923077,quic
319.706369285,32017743.0,184.327586207,quic
409.162137233,266397.0,595.741935484,quic
15.195430198,0.0,37.7333333333,quic
13.3115859058,0.0,33.1111111111,quic
14.4629928065,0.0,38.2903225806,quic
449.881861887,24816357.0,348.821428571,quic
12.3172353113,0.0,37.5555555556,quic
5.26273964504,0.0,29.3333333333,quic
5.26273964504,0.0,29.3333333333,quic
5.26273964504,0.0,29.3333333333,quic
5.26273964504,0.0,29.3333333333,quic
423.877790115,213215319.0,306.756756757,quic
5.94370552161,2697490.0,52.25,quic
504.963243987,249153.0,418.095238095,quic
489.260889692,478872.0,381.291666667,quic
539.909181075,2721067.0,462.542857143,quic
4.93577803005,0.0,29.6818181818,quic
4.2216373864,0.0,29.0909090909,quic
4.2216373864,0.0,29.0909090909,quic
4.2216373864,0.0,29.0909090909,quic
12.6397571788,0.0,32.3902439024,quic
14.9795181802,0.0,36.2,quic
10.3875495556,0.0,48.8333333333,quic
2.3413757529,0.0,53.7112299465,quic
560.687856768,8786033.0,533.52,quic
507.873081258,197376.0,516.363636364,quic
14.7359295278,0.0,37.2272727273,quic
10.1629542977,0.0,30.7210884354,quic
368.465105895,239845.0,690.973684211,quic
13.9612559129,0.0,32.4,quic
564.275650279,60945380.0,369.992307692,quic
490.495015265,5247540.0,338.763636364,quic
13.3545773741,0.0,45.7619047619,quic
552.589909596,334519.0,819.0625,quic
422.113546816,5804194.0,926.859060403,quic
436.612037659,197097.0,687.771428571,quic
377.945771041,917997.0,523.292682927,quic
358.242692654,197270884.0,1118.04422604,quic
14.5624209033,0.0,32.5,quic
625.290145986,65131739.0,528.727272727,quic
11.675565964,0.0,33.96,quic
4.76561760018,0.0,29.2702702703,quic
508.154001154,76886.0,393.588235294,quic
16.5955028332,0.0,36.7777777778,quic
12.8327626792,0.0,32.8043478261,quic
14.0731173369,0.0,33.4,quic
14.0731173369,0.0,33.4,quic
449.046644447,1310502.0,712.0,quic
439.28236909,86776094.0,353.278571429,quic
13.9772185131,0.0,42.6,quic
14.2431651547,0.0,33.96,quic
13.6117980352,0.0,32.3157894737,quic
612.15690205,2447734.0,521.641025641,quic
519.121212563,1153369.0,458.894736842,quic
388.517252584,33667.0,493.884615385,quic
505.807579077,779816.0,544.896103896,quic
429.953360335,578986118.0,142.597222222,quic
4.55408416036,0.0,31.7027027027,quic
13.4941989978,0.0,43.0,quic
16.1126983345,0.0,41.75,quic
12.6381696987,0.0,45.1538461538,quic
573.078236284,230885729.0,651.968531469,quic
486.577397375,531742.0,459.208333333,quic
560.559057211,42766226.0,739.133333333,quic
606.963609724,143845.0,494.147058824,quic
293.717662956,1953214.0,782.629464286,quic
475.074123771,730855.0,519.730769231,quic
666.767025779,30602926.0,684.958333333,quic
572.696803102,12945397.0,445.5,quic
15.7888849793,0.0,34.5454545455,quic
13.1058664828,0.0,44.5333333333,quic
14.7374457655,0.0,39.0666666667,quic
14.7374457655,0.0,39.0666666667,quic
497.875988575,535854.0,488.918918919,quic
4.92515409476,0.0,29.2272727273,quic
14.8403480665,0.0,41.0434782609,quic
13.771434013,0.0,35.7222222222,quic
5.85937789085,131534.0,48.0271493213,quic
599.120039946,16096377.0,724.304123711,quic
305.962069346,13378391.0,139.47826087,quic
15.3945582672,0.0,38.1538461538,quic
13.9181685225,0.0,36.8333333333,quic
381.036789677,69199.0,727.8,quic
595.775078737,164403.0,589.263157895,quic
0.0,8196559.0,1135.08333333,quic
11.7958830591,220031.0,42.5,quic
599.241687468,198252.0,460.733333333,quic
4.91090206218,0.0,27.25,quic
4.85147834224,0.0,29.7619047619,quic
13.9744665117,0.0,32.75,quic
400.42973249,41884378.0,190.1,quic
460.381219911,351140.0,456.551724138,quic
556.633985309,55491684.0,756.820979021,quic
645.449598205,370336.0,611.75,quic
5.30580014244,0.0,27.6153846154,quic
565.242682815,3318928.0,423.795454545,quic
129.570464169,132209481.0,1010.82582583,quic
194.468700859,597015077.0,953.32506796,quic
14.5220834969,0.0,40.3333333333,quic
583.921988701,32215144.0,435.043478261,quic
438.471461126,622525.0,417.783783784,quic
327.535364995,19466283.0,478.789473684,quic
5.51883287841,0.0,28.3684210526,quic
464.139003646,527843.0,473.393939394,quic
6.38915617389,0.0,33.2584269663,quic
472.786220829,286415.0,504.04,quic
488.671055005,120446586.0,389.64516129,quic
0.0,21619169.0,42.0,quic
443.35232684,0.0,1103375,quic
443.35232684,0.0,1103375,quic
443.35232684,0.0,1103375,quic
593.750346829,314122.0,548.6,quic
438.656369741,161318.0,397.842105263,quic
3.89773109543,0.0,30.0666666667,quic
558.684638809,345717.0,401.785714286,quic
481.002097898,541359.0,374.083333333,quic
0.0,0.0,21.6666666667,quic
0.0,0.0,21.6666666667,quic
507.637434303,1576291.0,428.323529412,quic
516.636988395,284794.0,612.962962963,quic
422.294094839,7015853.0,330.416666667,quic
4.06290450078,0.0,27.6883116883,quic
1.65435104576,0.0,33.6727272727,quic
6.12372435696,0.0,29.7142857143,quic
6.12372435696,0.0,29.7142857143,quic
185.386294712,1076367.0,821.396103896,quic
571.677897988,357075.0,457.277777778,quic
567.047087992,240874.0,412.578947368,quic
407.351363485,282959.0,399.133333333,quic
12.7608725909,0.0,31.8421052632,quic
8.78147695824,0.0,50.3050847458,quic
393.556305196,100727989.0,819.279569892,quic
572.869345095,238443.0,527.324324324,quic
14.045751308,0.0,39.9411764706,quic
238.881533219,1711089.0,160.552941176,quic
477.10650612,477672.0,438.619047619,quic
2.83874497661,0.0,32.6191099476,quic
511.612353252,5896.0,136.4,outros
0.0,10039861.0,37.6,outros
0.0,580.0,0.0,outros
2.0,3514.0,9.66666666667,outros
2.0,1979.0,9.77777777778,outros
717.287039078,4955.0,339.8125,outros
0.0,552197713.0,0.0,outros
11.1803398875,12346.0,45375,outros
94.8965602267,845534850.0,200.470588235,outros
2.0,2298.0,9.88888888889,outros
0.0,40129545.0,40.0,outros
485.226751117,5501.0,130.5,outros
0.0,0.0,251.0,outros
11.1803398875,7815.0,45375,outros
11.1803398875,7815.0,45375,outros
0.0,29.0,0.0,outros
0.0,29.0,0.0,outros
0.0,29.0,0.0,outros
2.0,2219.0,9.77777777778,outros
2.0,1875.0,9.66666666667,outros
484.779537522,6358.0,130.4,outros
2.0,35065.0,10.0,outros
120.813953648,5097818.0,137375,outros
639.156908413,308697207.0,387.294117647,outros
11.1803398875,7477.0,38375,outros
11.1803398875,6730.0,38375,outros
11.1803398875,9132.0,45375,outros
11.1803398875,9132.0,45375,outros
11.1803398875,9132.0,45375,outros
11.1803398875,9132.0,45375,outros
11.1803398875,9132.0,45375,outros
11.1803398875,9132.0,45375,outros
11.1803398875,9132.0,45375,outros
11.1803398875,9132.0,45375,outros
0.0,101.0,0.0,outros
0.0,101.0,0.0,outros
0.0,101.0,0.0,outros
0.0,101.0,0.0,outros
0.0,101.0,0.0,outros
0.0,101.0,0.0,outros
0.0,101.0,0.0,outros
0.0,101.0,0.0,outros
0.0,101.0,0.0,outros
11.1803398875,15373.0,45375,outros
0.0,0.0,31.0,outros
0.0,0.0,31.0,outros
0.0,0.0,31.0,outros
0.0,0.0,31.0,outros
0.0,0.0,31.0,outros
0.0,1828444.0,189.2,outros
11.1803398875,6381.0,38375,outros
0.0,10119332.0,0.0,outros
469.574275275,6020.0,127.0,outros
485.226751117,6092.0,130.5,outros
485.226751117,6092.0,130.5,outros
11.1803398875,9085.0,38375,outros
683.373250867,4360.0,266.857142857,outros
0.0,96.0,0.0,outros
0.0,96.0,0.0,outros
0.0,96.0,0.0,outros
0.0,96.0,0.0,outros
0.0,96.0,0.0,outros
0.0,96.0,0.0,outros
186.126952439,808729351.0,124.566666667,outros
2.0,2242.0,9.66666666667,outros
31.4691228366,483238337.0,1029.50183559,outros
492.829382241,6000.0,132.2,outros
497.748731791,6149.0,133.3,outros
34.0,51296602.0,8.33333333333,outros
483.437896735,6386.0,130.1,outros
239.002092041,9992.0,51.8571428571,outros
11.1803398875,8262.0,45375,outros
0.0,0.0,196.333333333,outros
124.673375463,48905275.0,51.5555555556,outros
717.488663425,3879.0,340.5625,outros
0.0,840611061.0,0.0,outros
752.372543654,4102.0,374.588235294,outros
487.91003269,5940.0,131.1,outros
11.1803398875,6112.0,38375,outros
66.4226882025,0.0,197.6,outros
484.779537522,5628.0,130.4,outros
11.1803398875,5829.0,38375,outros
493.723809432,5727.0,132.4,outros
147.567660027,15775902.0,115.111111111,outros
2.0,1754.0,0.571428571429,outros
2.0,2291.0,9.77777777778,outros
601.519741987,672013886.0,474.368421053,outros
11.1803398875,8198.0,76375,outros
11.1803398875,6849.0,34.1111111111,outros
486.568391904,6246.0,130.8,outros
0.0,0.0,322.666666667,outros
16.2745672281,66240613.0,108.476744186,outros
11.1803398875,9622.0,45375,outros
11.1803398875,9622.0,45375,outros
11.1803398875,9622.0,45375,outros
11.1803398875,9622.0,45375,outros
11.1803398875,9622.0,45375,outros
497.301518196,5591.0,133.2,outros
709.666720754,4451.0,448.681818182,outros
145.170057478,465400228.0,331.058823529,outros
11.1803398875,7544.0,38375,outros
508.929071679,5782.0,135.8,outros
491.487741454,7103.0,131.9,outros
19.7989898732,106741.0,16.4,outros
25.4524790064,0.0,92.3023255814,outros
683.496652541,528550849.0,362.132947977,outros
11.1803398875,7206.0,45375,outros
482.99068314,5927.0,130.0,outros
11.1803398875,6688.0,38375,outros
11.1803398875,6688.0,38375,outros
473.599197634,5456.0,127.9,outros
606.829515374,132771666.0,350.661971831,outros
0.0,40217376.0,25.4545454545,outros
479.412974376,5688.0,129.2,outros
11.1803398875,8460.0,45375,outros
11.1803398875,8460.0,45375,outros
472.704770443,5919.0,127.7,outros
16.9705627485,32457.0,274.4,outros
11.1803398875,8558.0,45375,outros
488.804459881,5640.0,131.3,outros
485.226751117,6018.0,130.5,outros
11.1803398875,7736.0,45375,outros
11.1803398875,7736.0,45375,outros
144.956890143,8.0,186.0,outros
486.121178308,5985.0,130.7,outros
485.226751117,6218.0,130.5,outros
0.0,40176136.0,40.0,outros
731.336979632,4311.0,397.411764706,outros
11.1803398875,6836.0,38375,outros
471.363129657,5386.0,127.4,outros
11.1803398875,6296.0,54375,outros
0.0,7985939.0,0.0,outros
497.301518196,8932.0,133.2,outros
492.382168645,7404.0,132.1,outros
460.182789769,5945.0,124.9,outros
11.1803398875,8500.0,45375,outros
11.1803398875,8500.0,45375,outros
11.1803398875,8500.0,45375,outros
484.779537522,7027.0,130.4,outros
0.0,552195756.0,0.0,outros
495.065450218,4667.0,132.7,outros
533.525819431,6102.0,141.3,outros
117.58828337,791834059.0,90.2155172414,outros
727.456969763,4253.0,312.0,outros
510.717926061,6068.0,136.2,outros
486.121178308,6592.0,130.7,outros
0.0,600012604.0,0.0,outros
744.795924866,19396.0,464.956521739,outros
0.0,600005071.0,0.0,outros
497.748731791,6497.0,133.3,outros
11.1803398875,6324.0,38375,outros
496.8543046,6644.0,133.1,outros
485.673964713,5812.0,130.6,outros
157.8524967,0.0,152.5,outros
3.64386851818,0.0,36.0,outros
11.1803398875,9277.0,45375,outros
16.2274863467,504403304.0,17.7872340426,outros
123.625240141,1411765.0,82.3333333333,outros
492.382168645,7959.0,132.1,outros
474.04641123,5568.0,128.0,outros
747.861283929,3980.0,402.4,outros
11.1803398875,7785.0,45375,outros
11.1803398875,7785.0,45375,outros
468.232634488,6173.0,126.7,outros
2.99072640749,0.0,33.8,outros
0.0,50250754.0,40.3076923077,outros
271.244017155,897873199.0,118.347381865,outros
3.64005494464,0.0,34.0,outros
6.92820323028,599914391.0,6.66666666667,outros
486.121178308,4988.0,130.7,outros
0.0,600008302.0,0.0,outros
1.788854382,2119.0,9.9,outros
502.220867746,6651.0,134.3,outros
497.301518196,6264.0,133.2,outros
2.30940107676,1888.0,11.0,outros
483.437896735,213640.0,130.1,outros
5.47070118253,855123319.0,1.67441860465,outros
11.1803398875,9287.0,45375,outros
483.885110331,7087.0,130.2,outros
0.0,10047839.0,24.8,outros
547.389440892,8379.0,144.4,outros
112.25061247,2146.0,81.8,outros
722.38746913,5007.0,473.944444444,outros
484.332323926,5543.0,130.3,outros
767.668083037,3925.0,331.0,outros
0.0,522536.0,0.0,outros
480.307401567,5828.0,129.4,outros
11.1803398875,8935.0,45375,outros
0.0,110782364.0,39.36,outros
482.543469544,6352.0,129.9,outros
2.0,3119.0,10.0,outros
0.0,541365677.0,0.0,outros
0.0,600109385.0,48.0,outros
486.568391904,6439.0,130.8,outros
145.45927265,173220791.0,152.083333333,outros
485.226751117,6096.0,130.5,outros
484.779537522,5459.0,130.4,outros
11.1803398875,8087.0,76375,outros
0.0,895082575.0,0.0,outros
294.156420974,6253.0,756.8,outros
0.0,599998696.0,0.0,outros
16.1658075373,541065301.0,15.1111111111,outros
0.0,7372.0,0.0,outros
0.0,40178936.0,38.3333333333,outros
515.190062016,5657.0,137.2,outros
486.121178308,6017.0,130.7,outros
11.1803398875,6510.0,54375,outros
167.584008784,62784955.0,338.916666667,outros
11.1803398875,8062.0,45375,outros
11.1803398875,8062.0,45375,outros
73.0285452481,574025015.0,18.8333333333,outros
486.121178308,8074.0,130.7,outros
42.142276025,0.0,122.0,outros
0.0,537363098.0,0.0,outros
0.0,44363699.0,0.0,outros
0.0,110770110.0,41.0434782609,outros
2.30940107676,2099.0,12.5,outros
0.0,373016278.0,172.846153846,outros
486.568391904,2862.0,130.8,outros
11.1803398875,8786.0,45375,outros
0.0,30090998.0,37.6,outros
2.0,3373.0,10.1111111111,outros
487.015605499,5564.0,130.9,outros
11.1803398875,8646.0,45375,outros
11.1803398875,6826.0,38375,outros
11.1803398875,6826.0,38375,outros
11.1803398875,8915.0,45375,outros
27.5771644663,0.0,13.0,outros
499.537586173,6028.0,133.7,outros
731.815398702,4596.0,418.058823529,outros
485.226751117,5910.0,130.5,outros
15.1188395833,0.0,86.8387096774,outros
118.443951711,464484.0,57.5384615385,outros
486.568391904,6725.0,130.8,outros
29.1032644217,17617787.0,101.166666667,outros
0.394771016976,822033654.0,91.2222222222,outros
7.73229145027,0.0,54.5,outros
0.0,870015362.0,41.7704918033,outros
0.0,599996300.0,0.0,outros
11.1803398875,7949.0,45375,outros
11.1803398875,42806.0,45375,outros
0.0,263906.0,0.0,outros
485.673964713,6065.0,130.6,outros
485.673964713,6065.0,130.6,outros
11.1803398875,7976.0,45375,outros
11.1803398875,7976.0,45375,outros
11.1803398875,7976.0,45375,outros
11.1803398875,7976.0,45375,outros
0.0,544153896.0,0.0,outros
470.02148887,5449.0,127.1,outros
5.91110619686,855958082.0,1.86486486486,outros
11.1803398875,6293.0,38375,outros
0.0,103.0,154.4,outros
721.737549882,5590.0,478.181818182,outros
0.0,844998936.0,41.7543859649,outros
710.19285473,5380.0,467.090909091,outros
489.698887072,5835.0,131.5,outros
11.1803398875,7918.0,45375,outros
11.1803398875,12357.0,45375,outros
218.5,0.0,432.6,outros
307.996935058,298240.0,1067.23733922,live
307.996935058,298240.0,1067.23733922,live
440.218215717,298425.0,790.759991197,live
440.218215717,298425.0,790.759991197,live
211.354721024,298889.0,580.976994097,live
211.354721024,298889.0,580.976994097,live
421.106329766,299066.0,805.006375567,live
421.106329766,299066.0,805.006375567,live
471.593361282,299099.0,573.223690849,live
471.593361282,299099.0,573.223690849,live
163.814391311,299296.0,468.795154364,live
163.814391311,299296.0,468.795154364,live
488.431784966,299204.0,556.28924572,live
488.431784966,299204.0,556.28924572,live
302.534203728,295782.0,1081.31515758,live
302.534203728,295782.0,1081.31515758,live
237.670017882,296864.0,1070.72047881,live
237.670017882,296864.0,1070.72047881,live
481.822874758,299058.0,435.691569252,live
481.822874758,299058.0,435.691569252,live
171.715187951,278580.0,497.275883447,live
171.715187951,278580.0,497.275883447,live
451.761044886,299333.0,766.574495252,live
451.761044886,299333.0,766.574495252,live
195.218701607,293143.0,994.804499151,live
195.218701607,293143.0,994.804499151,live
296.865611871,296007.0,1072.08426685,live
296.865611871,296007.0,1072.08426685,live
532.204049196,299249.0,479.933445103,live
532.204049196,299249.0,479.933445103,live
168.842365089,294292.0,984.425420683,live
168.842365089,294292.0,984.425420683,live
185.062340533,288275.0,446.949724862,live
185.062340533,288275.0,446.949724862,live
349.299067545,297398.0,1078.41898957,live
349.299067545,297398.0,1078.41898957,live
494.831786234,224361.0,553.601490112,live
494.831786234,224361.0,553.601490112,live
310.521461596,297443.0,1065.0227456,live
310.521461596,297443.0,1065.0227456,live
485.05622615,299072.0,469.175233422,live
485.05622615,299072.0,469.175233422,live
209.630102512,296627.0,990.626230486,live
209.630102512,296627.0,990.626230486,live
436.649344697,299335.0,396.184691432,live
436.649344697,299335.0,396.184691432,live
243.195809067,298279.0,1070.97610922,live
243.195809067,298279.0,1070.97610922,live
444.826460262,299365.0,737.793637592,live
444.826460262,299365.0,737.793637592,live
291.809089466,296090.0,1040.9457884,live
291.809089466,296090.0,1040.9457884,live
472.429490054,299311.0,571.88358083,live
472.429490054,299311.0,571.88358083,live
182.113596855,293461.0,993.696032614,live
182.113596855,293461.0,993.696032614,live
545.151341089,297866.0,346.793475424,live
545.151341089,297866.0,346.793475424,live
164.314570719,299035.0,399.798465929,live
164.314570719,299035.0,399.798465929,live
172.736045732,296263.0,1025.9844098,live
172.736045732,296263.0,1025.9844098,live
529.323471699,248089.0,456.83606727,live
529.323471699,248089.0,456.83606727,live
319.236530248,298562.0,1086.75,live
319.236530248,298562.0,1086.75,live
492.493103102,298405.0,554.410453546,live
492.493103102,298405.0,554.410453546,live
528.529897482,298985.0,471.804415358,live
528.529897482,298985.0,471.804415358,live
432.368290216,299266.0,401.436703533,live
432.368290216,299266.0,401.436703533,live
162.877372925,298678.0,415.733664787,live
162.877372925,298678.0,415.733664787,live
520.313209289,299037.0,529.308808174,live
520.313209289,299037.0,529.308808174,live
550.165491474,298115.0,367.9888762,live
550.165491474,298115.0,367.9888762,live
310.219849031,298311.0,1072.7629301,live
310.219849031,298311.0,1072.7629301,live
489.995979393,299053.0,602.960914832,live
489.995979393,299053.0,602.960914832,live
471.878945333,257427.0,561.982081009,live
471.878945333,257427.0,561.982081009,live
341.945200342,297729.0,1081.12495793,live
341.945200342,297729.0,1081.12495793,live
486.588566749,298972.0,570.431460157,live
486.588566749,298972.0,570.431460157,live
170.32353971,299285.0,383.147260952,live
170.32353971,299285.0,383.147260952,live
465.337805372,299155.0,564.880084235,live
465.337805372,299155.0,564.880084235,live
485.024771595,298947.0,459.342668422,live
485.024771595,298947.0,459.342668422,live
494.824661468,299026.0,574.716018258,live
494.824661468,299026.0,574.716018258,live
301.484635394,296920.0,1072.83551896,live
301.484635394,296920.0,1072.83551896,live
478.387610312,299454.0,490.672507696,live
478.387610312,299454.0,490.672507696,live
490.963281109,299256.0,419.032619181,live
490.963281109,299256.0,419.032619181,live
456.706497556,299204.0,416.655844539,live
456.706497556,299204.0,416.655844539,live
172.151327555,298886.0,403.865531473,live
172.151327555,298886.0,403.865531473,live
536.07267553,299061.0,455.046840603,live
536.07267553,299061.0,455.046840603,live
388.383841738,132722.0,1292.61432089,live
388.383841738,132722.0,1292.61432089,live
221.000686918,212533.0,564.434031265,live
221.000686918,212533.0,564.434031265,live
269.65066907,295544.0,1051.40823276,live
269.65066907,295544.0,1051.40823276,live
193.319382743,299014.0,482.451210743,live
193.319382743,299014.0,482.451210743,live
164.347485386,298842.0,459.093222453,live
164.347485386,298842.0,459.093222453,live
349.203255051,297126.0,1072.61844567,live
349.203255051,297126.0,1072.61844567,live
240.681201645,297539.0,1103.42696844,live
240.681201645,297539.0,1103.42696844,live
310.95898323,297701.0,1067.93415481,live
310.95898323,297701.0,1067.93415481,live
473.659376059,298960.0,405.936897231,live
473.659376059,298960.0,405.936897231,live
491.574203521,86602.0,599.681815785,live
491.574203521,86602.0,599.681815785,live
172.661891217,296218.0,996.752143154,live
172.661891217,296218.0,996.752143154,live
227.536865099,299021.0,745.835163734,live
227.536865099,299021.0,745.835163734,live
427.715652314,299010.0,387.495558867,live
427.715652314,299010.0,387.495558867,live
187.860389203,297298.0,993.883170628,live
187.860389203,297298.0,993.883170628,live
450.734999144,299170.0,713.141388633,live
450.734999144,299170.0,713.141388633,live
177.021862882,295692.0,1000.95451217,live
177.021862882,295692.0,1000.95451217,live
603.329427201,298367.0,453.087117298,live
603.329427201,298367.0,453.087117298,live
481.88152755,288009.0,480.084661237,live
481.88152755,288009.0,480.084661237,live
279.217701667,295322.0,1072.5400215,live
279.217701667,295322.0,1072.5400215,live
327.912667179,56724.0,1294.100807,live
327.912667179,56724.0,1294.100807,live
479.965928033,299169.0,424.89018445,live
479.965928033,299169.0,424.89018445,live
479.325130562,299331.0,490.375078503,live
479.325130562,299331.0,490.375078503,live
181.182750899,297549.0,447.365106669,live
181.182750899,297549.0,447.365106669,live
198.392832358,298881.0,383.013414992,live
198.392832358,298881.0,383.013414992,live
185.040390363,298684.0,430.234948242,live
185.040390363,298684.0,430.234948242,live
167.378821812,299293.0,464.0621838,live
167.378821812,299293.0,464.0621838,live
171.781965296,295379.0,993.900138825,live
171.781965296,295379.0,993.900138825,live
185.540934876,295939.0,1011.57079731,live
185.540934876,295939.0,1011.57079731,live
309.553654851,298017.0,1067.9732298,live
309.553654851,298017.0,1067.9732298,live
492.43502751,298965.0,552.316569083,live
492.43502751,298965.0,552.316569083,live
203.197582648,299016.0,590.86424555,live
203.197582648,299016.0,590.86424555,live
473.167943241,298958.0,514.655049281,live
473.167943241,298958.0,514.655049281,live
367.807274537,98292.0,1297.5173192,live
367.807274537,98292.0,1297.5173192,live
464.394546852,298806.0,425.000203991,live
464.394546852,298806.0,425.000203991,live
450.758942024,299310.0,715.97789468,live
450.758942024,299310.0,715.97789468,live
547.674470069,298800.0,352.684378642,live
547.674470069,298800.0,352.684378642,live
182.33639616,295784.0,996.482959562,live
182.33639616,295784.0,996.482959562,live
483.084451242,299242.0,474.351112186,live
483.084451242,299242.0,474.351112186,live
557.471211642,298482.0,352.399734737,live
557.471211642,298482.0,352.399734737,live
328.995140848,297543.0,1100.93399692,live
328.995140848,297543.0,1100.93399692,live
274.248054901,295655.0,1052.75357096,live
274.248054901,295655.0,1052.75357096,live
183.129979179,295380.0,1008.58084971,live
183.129979179,295380.0,1008.58084971,live
259.940121461,295256.0,1079.26152944,live
259.940121461,295256.0,1079.26152944,live
441.303282939,288537.0,419.062160234,live
441.303282939,288537.0,419.062160234,live
471.673106366,298881.0,563.203964852,live
471.673106366,298881.0,563.203964852,live
430.348154554,299331.0,796.323991478,live
430.348154554,299331.0,796.323991478,live
469.935588885,299278.0,606.305770443,live
469.935588885,299278.0,606.305770443,live
172.030176682,299310.0,517.697722917,live
172.030176682,299310.0,517.697722917,live
419.203913081,298967.0,803.743624484,live
419.203913081,298967.0,803.743624484,live
444.32008261,299014.0,405.114825793,live
444.32008261,299014.0,405.114825793,live
481.601782333,298995.0,450.753589948,live
481.601782333,298995.0,450.753589948,live
477.689086495,299002.0,448.076182996,live
477.689086495,299002.0,448.076182996,live
470.765565645,299123.0,423.97299201,live
470.765565645,299123.0,423.97299201,live
456.713240076,298991.0,435.017443889,live
456.713240076,298991.0,435.017443889,live
366.3067058,81111.0,1291.55318514,live
366.3067058,81111.0,1291.55318514,live
442.074284545,299088.0,410.968038734,live
442.074284545,299088.0,410.968038734,live
180.016364816,299312.0,439.44504699,live
180.016364816,299312.0,439.44504699,live
459.711074395,299342.0,410.852994876,live
459.711074395,299342.0,410.852994876,live
533.435664578,248123.0,509.455451539,live
533.435664578,248123.0,509.455451539,live
535.626700019,299117.0,473.230690537,live
535.626700019,299117.0,473.230690537,live
335.607800408,18089.0,1293.50844459,live
335.607800408,18089.0,1293.50844459,live
480.471506669,299152.0,442.482941396,live
480.471506669,299152.0,442.482941396,live
309.710101815,73805.0,618.702064193,live
309.710101815,73805.0,618.702064193,live
444.842658597,299056.0,731.311601425,live
444.842658597,299056.0,731.311601425,live
184.626646459,295647.0,985.289973414,live
184.626646459,295647.0,985.289973414,live
430.650892052,299106.0,391.420459105,live
430.650892052,299106.0,391.420459105,live
334.134894799,71828.0,1279.22043011,live
334.134894799,71828.0,1279.22043011,live
315.571559364,297809.0,1078.43529023,live
315.571559364,297809.0,1078.43529023,live
180.670719075,298180.0,392.882018588,live
180.670719075,298180.0,392.882018588,live
266.771272606,295247.0,1067.59669111,live
266.771272606,295247.0,1067.59669111,live
211.060906456,294073.0,993.883716304,live
211.060906456,294073.0,993.883716304,live
602.75721954,298576.0,479.957856827,live
602.75721954,298576.0,479.957856827,live
211.346195574,299150.0,746.951185425,live
211.346195574,299150.0,746.951185425,live
572.480174699,298574.0,376.25604608,live
572.480174699,298574.0,376.25604608,live
463.27311564,299052.0,428.444386502,live
463.27311564,299052.0,428.444386502,live
159.730010757,298914.0,376.653174529,live
159.730010757,298914.0,376.653174529,live
0.0,1910.0,892.5,https
323.740894338,0.0,1178375,https
0.0,10056554.0,0.0,https
153.964812981,117360211.0,246625,https
0.0,7737.0,36.5,https
144.297312122,606689.0,63.5333333333,https
346.116197009,90710482.0,432.65,https
16.9705627485,1146.0,10.2857142857,https
0.0,2747.0,36.5,https
273.553043955,1279682.0,173.444444444,https
499.930867948,2260540.0,377.724137931,https
97.2875748623,4910813.0,1133.89929232,https
145.805449715,6424778.0,361.944444444,https
362.321266282,424086.0,508.3125,https
48.5531960844,8312472.0,1012.45773196,https
336.68838921,10925057.0,457.473684211,https
0.0,4861855.0,0.0,https
202.14337596,205312.0,427.65,https
0.0,675312.0,0.0,https
121.216948127,207299808.0,85.2684563758,https
565.741027553,95988660.0,246.571428571,https
171.010233612,806962.0,496.826086957,https
443.597654173,66796506.0,269.192307692,https
227.715747234,371925.0,224.310344828,https
259.845595178,195428733.0,162.526315789,https
0.0,13142599.0,0.0,https
197.535648782,8661055.0,1176.55251142,https
672.363210927,405398234.0,589.749206349,https
304.85779099,274054649.0,150.509090909,https
150.805456514,56436927.0,64.4,https
171.010233612,149392.0,329.166666667,https
0.0,39914573.0,0.0,https
582.376939791,18925173.0,400.55,https
187.677895407,30453436.0,187.827586207,https
0.0,20093021.0,0.0,https
661.438414788,2171413.0,755.686098655,https
491.090637974,138026218.0,230.0,https
64.0646146777,68987388.0,125.342857143,https
24.6666666667,125957.0,335.75,https
14.4337567297,217175545.0,13.4444444444,https
203.913538464,8275281.0,1006.61881188,https
395.26476961,282138.0,168.066666667,https
0.0,20010676.0,0.0,https
416.612477062,90240534.0,345.911764706,https
0.0,25179.0,0.0,https
0.0,3323630.0,0.0,https
483.543517518,259332.0,202.066666667,https
629.567178233,120421044.0,324.607142857,https
346.134573334,10376259.0,180.533333333,https
155.701020203,393566.0,353.541666667,https
193.343390543,702155.0,68.6428571429,https
0.0,204032.0,0.0,https
453.795422756,410991.0,190.470588235,https
18.0748443977,434269098.0,17.3076923077,https
171.010233612,121309.0,347.944444444,https
409.891730545,47083865.0,337.909090909,https
329.682297951,20089472.0,199.096774194,https
153.568349914,43310956.0,68.0714285714,https
407.620823721,241150441.0,317.755555556,https
634.724690975,120793630.0,271.363636364,https
641.826002889,7856592.0,720.88590604,https
0.0,194972857.0,3.46153846154,https
372.025908501,23994368.0,405.40776699,https
152.825452879,65649192.0,66.0,https
336.297081868,2514700.0,277.888888889,https
426.606207956,4699617.0,321.0,https
127.878355659,80542880.0,879.67961165,https
192.729393315,6144494.0,343.647058824,https
211.06436617,5000930.0,313.0,https
0.0,74282.0,0.0,https
382.883582953,566428.0,334.620689655,https
0.0,635667.0,0.0,https
0.0,0.0,1086.0,https
0.0,0.0,1086.0,https
0.0,0.0,1086.0,https
0.0,0.0,1086.0,https
0.0,0.0,1086.0,https
0.0,0.0,1086.0,https
0.0,0.0,1086.0,https
0.0,0.0,1086.0,https
0.0,0.0,1086.0,https
0.0,0.0,1086.0,https
0.0,0.0,1086.0,https
0.0,0.0,1086.0,https
0.0,0.0,1086.0,https
0.0,0.0,1086.0,https
0.0,0.0,1086.0,https
0.0,0.0,1086.0,https
0.0,0.0,1086.0,https
0.0,0.0,1086.0,https
0.0,0.0,1086.0,https
0.0,0.0,1086.0,https
0.0,0.0,1086.0,https
0.0,0.0,1086.0,https
0.0,0.0,1086.0,https
0.0,0.0,1086.0,https
0.0,0.0,1086.0,https
0.0,0.0,1086.0,https
0.0,0.0,1086.0,https
0.0,0.0,1086.0,https
0.0,0.0,1086.0,https
0.0,0.0,1086.0,https
0.0,0.0,1086.0,https
0.0,0.0,1086.0,https
0.0,0.0,1086.0,https
0.0,0.0,1086.0,https
0.0,0.0,1086.0,https
0.0,0.0,1086.0,https
0.0,0.0,1086.0,https
0.0,0.0,1086.0,https
0.0,0.0,1086.0,https
0.0,0.0,1086.0,https
0.0,0.0,1086.0,https
0.0,0.0,1086.0,https
0.0,0.0,1086.0,https
0.0,0.0,1086.0,https
0.0,0.0,1086.0,https
0.0,0.0,1086.0,https
0.0,0.0,1086.0,https
0.0,0.0,1086.0,https
0.0,0.0,1086.0,https
0.0,0.0,1086.0,https
0.0,0.0,1086.0,https
0.0,0.0,1086.0,https
0.0,0.0,1086.0,https
0.0,0.0,1086.0,https
0.0,0.0,1086.0,https
0.0,0.0,1086.0,https
0.0,0.0,1086.0,https
0.0,0.0,1086.0,https
0.0,0.0,1086.0,https
0.0,0.0,1086.0,https
0.0,0.0,1086.0,https
0.0,0.0,1086.0,https
0.0,0.0,1086.0,https
0.0,0.0,1086.0,https
0.0,0.0,1086.0,https
0.0,0.0,1086.0,https
0.0,0.0,1086.0,https
0.0,0.0,1086.0,https
0.0,0.0,1086.0,https
0.0,0.0,1086.0,https
0.0,0.0,1086.0,https
0.0,0.0,1086.0,https
0.0,0.0,1086.0,https
0.0,0.0,1086.0,https
0.0,0.0,1086.0,https
0.0,0.0,1086.0,https
0.0,0.0,1086.0,https
0.57735026919,53874072.0,0.428571428571,https
11.4297595246,589934584.0,12.2628205128,https
0.0,3023317.0,0.0,https
490.981200211,1790663.0,347.133333333,https
210.801689701,36719757.0,253.0,https
237.351216555,4024260.0,62.5,https
155.245670412,16922105.0,286.454545455,https
367.966302805,30783546.0,192.7,https
287.010650292,555949097.0,156.502347418,https
575.587832009,344978276.0,502.545185185,https
100.153934551,283363.0,226.166666667,https
561.848879714,893183.0,400.857142857,https
142.194032425,84975995.0,168.842105263,https
212.759714012,235154.0,210.142857143,https
326.939250755,20488837.0,675.02,https
92.5414261425,10166211.0,893.231838282,https
153.370006763,3350956.0,292.423076923,https
465.613633344,11915670.0,406.095238095,https
165.559824703,608560.0,361.555555556,https
296.787414205,782287.0,330.777777778,https
540.561138152,75743546.0,414.951219512,https
22.8250332499,112253790.0,22.0625,https
678.94111748,10938645.0,517.421875,https
226.11361451,284065.0,142.0,https
331.314816548,5605829.0,895.089041096,https
0.0,532945.0,0.0,https
172.172247385,66129157.0,145.982142857,https
0.0,14630094.0,8.2,https
170.689777081,5223058.0,225.826086957,https
172.333333333,5415373.0,360.55,https
234.338629779,25473875.0,249.321428571,https
386.441357876,128722703.0,247.318181818,https
322.913748374,1957740.0,310.590909091,https
193.491971041,522440.0,98.5625,https
289.414351176,7795080.0,152.384615385,https
111.236814712,585892.0,199.6,https
181.786373841,61265674.0,256.8,https
642.380815754,27221461.0,458.233333333,https
0.0,0.0,283.333333333,https
0.0,0.0,283.333333333,https
78.6256955454,90336840.0,155.473684211,https
21.9203102168,179750459.0,13.2857142857,https
394.472305745,281983.0,122.736842105,https
20.8463768692,102946869.0,18.75,https
129.71011287,18586334.0,909.656303972,https
101.964699774,240260.0,452.923076923,https
0.0,259337.0,0.0,https
177.413672278,381659.0,102.347826087,https
425.342327818,65091482.0,242825,https
546.73293733,145791.0,596.176470588,https
693.834039007,7394944.0,362.0,https
284.284622234,229315360.0,180.762711864,https
120.200146002,540629241.0,202.47826087,https
143.374868583,261333.0,365.055555556,https
650.212426827,304200.0,903.588235294,https
141.830633403,65066379.0,69.8235294118,https
429.161286996,6334588.0,371.0,https
162.925605862,6284465.0,101.70212766,https
420.655359907,574848.0,374.884615385,https
180.468530432,151617736.0,161.145833333,https
57.3285009464,1176415.0,659.760204082,https
209.293646366,60234203.0,79.2894736842,https
590.304441228,60577958.0,526.153846154,https
446.717857763,207694414.0,152.05,https
141.127244056,57566078.0,276.690909091,https
134.519870607,166879.0,213.571428571,https
0.0,20007417.0,0.0,https
600.314880338,45005302.0,403.769230769,https
192.729393315,3066237.0,462.5625,https
236.832554964,35939937.0,323.16,https
0.0,700332.0,0.0,https
171.058469536,15403800.0,273.409090909,https
223.979165698,301052716.0,227.034482759,https
0.0,214220393.0,344.786632391,https
304.457160898,400080876.0,80.5736434109,https
98.4504603078,1663465.0,1215.8143829,https
164.820710673,65100561.0,70.8571428571,https
203.915525027,177434427.0,727.049079755,https
231.209428873,8397301.0,371.5,https
481.457657734,232961.0,201.666666667,https
68.1635364126,127344351.0,102.573529412,https
143.148300365,146188.0,438.153846154,https
137.399013865,566278.0,306.962962963,https
136.500712249,7503144.0,60.4117647059,https
241.288158401,26453541.0,168.542372881,https
625.029180271,666048.0,305.727272727,https
143.602377617,4552501.0,63.4,https
0.0,31870363.0,0.0,https
0.0,20006694.0,0.0,https
21.9203102168,60002763.0,13.2857142857,https
27.5771644663,57.0,13.0,https
0.0,9998686.0,0.0,https
108.095253902,343907.0,610.27480916,https
682.109089851,836699.0,709.40625,https
309.092442184,31301621.0,735.755813953,https
0.0,180968.0,0.0,https
193.261850496,60352062.0,389.470588235,https
155.703275387,595419781.0,362.252609603,https
180.91232091,1371675.0,340.0,https
516.392553423,910958.0,330.777777778,https
153.856364983,21923225.0,245.710526316,https
0.0,0.0,259.0,https
609.064378097,10933077.0,541.977777778,https
123.999907759,254558.0,198.157894737,https
229.178096685,325633.0,107.380952381,https
0.0,0.0,299.666666667,https
195.093384233,7296062.0,305.210526316,https
67.5351760196,14741022.0,262.727272727,https
0.333333333333,384133309.0,3.90476190476,https
330.679646443,379980962.0,235.59375,https
0.0,520309.0,0.0,https
101.517486178,60592180.0,55.8,http
0.0,29566760.0,0.5,http
64.08587988,29468.0,79.7777777778,http
0.0,225366.0,0.0,http
15.1520474215,3140242.0,958.193846154,http
0.0,569130.0,0.0,http
0.0,179201.0,0.0,http
76.7875858022,13754.0,93.5,http
0.0,138230.0,0.0,http
93.0,120011920.0,45.0,http
0.0,227.0,0.0,http
0.0,227.0,0.0,http
0.0,17187.0,0.0,http
0.0,59565.0,0.0,http
0.0,3027790.0,0.0,http
56.0029761114,3224.0,89875,http
64.08587988,31186.0,79.7777777778,http
0.0,164.0,0.0,http
34.6970745322,1578537.0,1148.47428571,http
0.0,1662307.0,0.0,http
0.0,553279.0,0.0,http
77.9422863406,2555.0,94625,http
0.0,181841.0,0.0,http
64.08587988,25138.0,79.7777777778,http
131.058511106,342217.0,66.8,http
59.4670777265,89801.0,90625,http
0.0,238279.0,0.0,http
64.08587988,20896.0,81.5,http
0.0,9631.0,0.0,http
95.2564958415,60107336.0,61.9,http
0.0,3875.0,0.0,http
0.0,3875.0,0.0,http
0.0,402306.0,0.0,http
0.0,484616.0,0.0,http
64.08587988,214697.0,81.5,http
0.0,253459.0,0.0,http
47.3427220735,58183.0,88.0,http
64.8947866422,1071010.0,1310.39361702,http
125.667020335,61232334.0,60.2,http
64.08587988,29000.0,71.8,http
130.307877188,64379973.0,95.5,http
54.065575041,5905361.0,1008.41908714,http
0.0,5983.0,0.0,http
131.058511106,32170.0,55125,http
64.08587988,11980.0,81.5,http
0.0,243902.0,0.0,http
11.2597783591,8881078.0,1389.74103586,http
72.7461339179,181055.0,97.8888888889,http
0.0,191801.0,0.0,http
64.08587988,26125.0,79.7777777778,http
55.4256258422,2673.0,446.8,http
97.5,119106727.0,46.0,http
95.938348259,114976133.0,235.615384615,http
64.08587988,47711.0,79.7777777778,http
0.0,97858.0,0.0,http
76.210235533,35499.0,98.6666666667,http
59.4670777265,5200.0,90625,http
0.0,4286900.0,0.0,http
64.08587988,25691.0,79.7777777778,http
131.058511106,29571.0,55125,http
8.89066432701,4353611.0,1575.65594855,http
69.5461646253,1193533.0,786.568306011,http
109.696551146,12340.0,89875,http
0.0,278645.0,0.0,http
76.210235533,10769.0,94.25,http
93.5,119358040.0,45.1111111111,http
59.032194606,80177073.0,146.090909091,http
64.08587988,25841.0,79.7777777778,http
131.058511106,9863.0,98.25,http
0.0,22650.0,0.0,http
76.210235533,21943.0,94.25,http
64.08587988,187491.0,79.7777777778,http
0.0,537058.0,0.0,http
125.667020335,60273051.0,68.3,http
0.0,959883.0,0.0,http
64.08587988,3602.0,81.5,http
0.0,217628.0,0.0,http
0.0,29810.0,0.0,http
703.381736091,60205.0,258.928571429,http
55.4256258422,12972.0,446.8,http
0.0,12158399.0,0.0,http
59.4670777265,44909.0,90625,http
64.08587988,3431.0,81.5,http
87.2066511225,250019.0,919.555555556,http
190.960205278,487995.0,141.3,http
0.0,6802095.0,0.0,http
0.0,135396.0,0.0,http
59.4670777265,12198.0,90625,http
76.210235533,8357.0,94.25,http
0.0,122853.0,0.0,http
96.5,121006609.0,45.7777777778,http
0.0,136522.0,0.0,http
95.2564958415,61022062.0,61.9,http
116.0,119573252.0,50.1111111111,http
85.865010336,15738993.0,41.1,http
128.597045067,60810518.0,100.153846154,http
0.0,1714077.0,0.0,http
0.0,905049.0,0.0,http
0.0,171866.0,0.0,http
0.0,122388.0,0.0,http
0.0,59899670.0,0.0,http
86.0251901093,25544.0,45375,http
0.0,21293.0,0.0,http
76.210235533,4446.0,103.25,http
0.0,6528753.0,0.0,http
64.08587988,70351.0,81.5,http
59.4670777265,31350.0,90625,http
0.0,5280.0,0.0,http
0.0,167931.0,0.0,http
64.08587988,26404.0,79.7777777778,http
0.0,161113.0,0.0,http
154.457761216,1117928.0,122.333333333,http
44.2491227581,1931977.0,778.659722222,http
76.210235533,5454.0,94.25,http
24.9444838136,42768360.0,824.768707483,http
131.058511106,2705.0,98.25,http
25.7686707116,330823.0,1395.19387755,http
0.0,125819.0,0.0,http
112.583302492,1749778.0,72.4444444444,http
64.08587988,46530.0,79.7777777778,http
64.08587988,33593.0,81.5,http
0.0,165375.0,0.0,http
0.0,116003.0,0.0,http
0.0,497173.0,0.0,http
64.08587988,30378.0,79.7777777778,http
64.08587988,27087.0,79.7777777778,http
0.0,188204.0,0.0,http
0.0,283689.0,0.0,http
0.0,30.0,0.0,http
0.0,30.0,0.0,http
0.0,242737.0,0.0,http
0.0,47397373.0,0.0,http
0.0,3623718.0,0.0,http
76.210235533,14181.0,94.25,http
0.0,94472.0,0.0,http
161.658075373,3721.0,112.75,http
0.0,178343.0,0.0,http
64.08587988,30200.0,79.7777777778,http
50.6666666667,773606.0,360.4375,http
0.0,201140.0,0.0,http
0.0,256465.0,0.0,http
0.0,193585.0,0.0,http
33.8836962823,6674353.0,828.262008734,http
64.08587988,28920.0,81.5,http
64.08587988,110011.0,81.5,http
0.0,458151.0,0.0,http
95.2564958415,60238462.0,61.9,http
0.0,59974762.0,0.0,http
0.0,56891806.0,0.0,http
64.08587988,155264.0,79.7777777778,http
131.058511106,4002.0,98.25,http
0.0,59971802.0,0.0,http
0.0,190157.0,0.0,http
39.415248782,6990069.0,1739.89900662,http
370.5,536626.0,168.6,http
0.0,3101.0,0.0,http
0.0,453477.0,0.0,http
64.08587988,26766.0,79.7777777778,http
0.0,412012.0,0.0,http
0.0,129745.0,0.0,http
0.0,180262.0,0.0,http
131.058511106,43428.0,98.25,http
628.191743552,9582281.0,279.176470588,http
0.0,59.0,122.0,http
0.0,435133056.0,0.0,http
0.0,420275.0,0.0,http
12.2558923197,1940517.0,1519.32569558,http
0.0,379771.0,0.0,http
0.0,265995.0,0.0,http
87.1798906476,6923.0,96625,http
0.0,109407.0,0.0,http
617.674966011,9681726.0,256.409090909,http
0.0,58897619.0,0.0,http
59.4670777265,5827.0,90625,http
159.208039998,30401490.0,105.272727273,http
0.0,188875.0,0.0,http
56.0029761114,3824.0,89875,http
141.0,120335.0,62625,http
0.0,275075.0,0.0,http
64.08587988,62151.0,79.7777777778,http
0.0,151182.0,0.0,http
0.0,188016.0,0.0,http
0.0,142567.0,0.0,http
161.658075373,9737.0,112.75,http
59.4670777265,33295.0,90625,http
0.0,133927.0,0.0,http
0.0,166493.0,0.0,http
103.923048454,111406.0,100.25,http
0.0,278088.0,0.0,http
0.0,118131.0,0.0,http
64.08587988,28842.0,79.7777777778,http
56.0029761114,6806.0,89875,http
82.287301572,18547590.0,40.3,http
59.4670777265,10959.0,90625,http
89.0,119438605.0,44.1111111111,http
0.0,59874694.0,0.0,http
0.0,3130417.0,0.0,http
131.058511106,5567.0,98.25,http
55.4256258422,60059784.0,13.7142857143,http
0.0,59968461.0,0.0,http
0.0,475621.0,0.0,http
64.08587988,8783.0,81.5,http
64.08587988,26232.0,79.7777777778,http
131.058511106,25278.0,55125,http
56.0029761114,5309.0,77125,http
0.0,336687.0,0.0,http
0.0,158317.0,0.0,http
0.0,248701.0,0.0,http
76.210235533,13350.0,94.25,http
64.08587988,27676.0,79.7777777778,http
64.08587988,4821.0,81.5,http
0.0,171413.0,0.0,http
0.0,267455.0,0.0,http
0.0,251520.0,0.0,http
64.08587988,466307.0,79.7777777778,http
0.0,247673.0,0.0,http
64.08587988,124607.0,79.7777777778,http
0.0,1098570.0,0.0,http
0.0,149091.0,0.0,http
76.210235533,18843.0,94.25,http
0.0,8446.0,0.0,http
55.4256258422,2230.0,446.7,http
140.5,51565.0,63125,http
187.061487217,18948.0,118.25,http
0.0,235266.0,0.0,http
64.08587988,26987.0,79.7777777778,http
0.0,269681.0,0.0,http
95.703709437,2086447.0,151.363636364,http
64.08587988,28479.0,79.7777777778,http
0.0,23506.0,0.0,http
0.0,9345.0,0.0,http
0.0,55129.0,0.0,http
87.1798906476,2744.0,96625,http
0.0,59934.0,0.0,http
91.4674024682,358286.0,50.3333333333,http
0.0,125279.0,0.0,http
0.0,2880306.0,0.0,http
0.0,302979.0,0.0,http
64.08587988,31156.0,79.7777777778,http
551.892904265,847002.0,433.5625,http
0.0,25338.0,0.0,http
0.0,345238.0,0.0,http
62.461988441,50614.0,330.538461538,http
59.4670777265,3376.0,90625,http
0.0,1197832.0,0.0,http
0.0,578271.0,0.0,http
88.9119414552,27998.0,84.5555555556,http
0.0,292152.0,0.0,http
0.0,8646.0,0.0,http
64.08587988,31033.0,79.7777777778,http
0.0,582104.0,0.0,http
131.058511106,169372.0,55125,http
0.0,139956.0,0.0,http
88.9119414552,96613.0,84.5555555556,http
0.0,9124767.0,0.0,http
47.760461865,41457127.0,1616.53784404,http
0.0,169324.0,0.0,http
64.08587988,26047.0,79.7777777778,http
0.0,127565.0,0.0,http
76.210235533,9860.0,94.25,http
0.0,0.0,104.0,dns
0.0,0.0,104.0,dns
0.0,0.0,104.0,dns
0.0,0.0,104.0,dns
0.0,0.0,104.0,dns
0.0,0.0,104.0,dns
0.0,0.0,104.0,dns
0.0,0.0,104.0,dns
0.0,0.0,104.0,dns
0.0,0.0,104.0,dns
0.0,0.0,104.0,dns
0.0,0.0,104.0,dns
0.0,0.0,104.0,dns
0.0,0.0,104.0,dns
0.0,0.0,104.0,dns
0.0,0.0,104.0,dns
0.0,0.0,104.0,dns
0.0,0.0,104.0,dns
0.0,0.0,104.0,dns
0.0,0.0,104.0,dns
0.0,0.0,104.0,dns
0.0,0.0,104.0,dns
0.0,0.0,104.0,dns
0.0,0.0,104.0,dns
0.0,0.0,104.0,dns
0.0,0.0,104.0,dns
0.0,0.0,104.0,dns
0.0,0.0,104.0,dns
0.0,0.0,104.0,dns
0.0,0.0,104.0,dns
0.0,0.0,191.333333333,dns
0.0,0.0,191.333333333,dns
0.0,0.0,191.333333333,dns
0.0,0.0,191.333333333,dns
0.0,0.0,191.333333333,dns
0.0,0.0,191.333333333,dns
0.0,0.0,191.333333333,dns
0.0,0.0,191.333333333,dns
0.0,0.0,191.333333333,dns
0.0,0.0,191.333333333,dns
0.0,0.0,191.333333333,dns
0.0,0.0,191.333333333,dns
0.0,0.0,191.333333333,dns
0.0,0.0,191.333333333,dns
0.0,0.0,191.333333333,dns
0.0,0.0,191.333333333,dns
0.0,0.0,191.333333333,dns
0.0,0.0,191.333333333,dns
0.0,0.0,191.333333333,dns
0.0,0.0,191.333333333,dns
0.0,0.0,191.333333333,dns
0.0,0.0,191.333333333,dns
0.0,0.0,191.333333333,dns
0.0,0.0,191.333333333,dns
0.0,0.0,191.333333333,dns
0.0,0.0,191.333333333,dns
0.0,0.0,191.333333333,dns
0.0,0.0,191.333333333,dns
0.0,0.0,191.333333333,dns
0.0,0.0,191.333333333,dns
0.0,0.0,191.333333333,dns
0.0,0.0,191.333333333,dns
0.0,0.0,191.333333333,dns
0.0,0.0,191.333333333,dns
0.0,0.0,191.333333333,dns
0.0,0.0,191.333333333,dns
0.0,0.0,191.333333333,dns
0.0,0.0,191.333333333,dns
0.0,0.0,191.333333333,dns
0.0,0.0,191.333333333,dns
0.0,0.0,191.333333333,dns
0.0,0.0,191.333333333,dns
0.0,0.0,191.333333333,dns
0.0,0.0,191.333333333,dns
0.0,0.0,191.333333333,dns
0.0,0.0,191.333333333,dns
0.0,0.0,191.333333333,dns
0.0,0.0,191.333333333,dns
0.0,0.0,191.333333333,dns
0.0,0.0,191.333333333,dns
0.0,0.0,191.333333333,dns
0.0,0.0,191.333333333,dns
0.0,0.0,191.333333333,dns
0.0,0.0,191.333333333,dns
0.0,0.0,191.333333333,dns
0.0,0.0,191.333333333,dns
0.0,0.0,191.333333333,dns
0.0,0.0,191.333333333,dns
0.0,0.0,191.333333333,dns
0.0,0.0,191.333333333,dns
0.0,0.0,191.333333333,dns
0.0,0.0,191.333333333,dns
0.0,0.0,191.333333333,dns
0.0,0.0,191.333333333,dns
0.0,0.0,191.333333333,dns
0.0,0.0,191.333333333,dns
0.0,0.0,191.333333333,dns
0.0,0.0,191.333333333,dns
0.0,0.0,191.333333333,dns
0.0,0.0,191.333333333,dns
0.0,0.0,191.333333333,dns
0.0,0.0,191.333333333,dns
0.0,0.0,191.333333333,dns
0.0,0.0,191.333333333,dns
0.0,0.0,191.333333333,dns
0.0,0.0,191.333333333,dns
0.0,0.0,191.333333333,dns
0.0,0.0,191.333333333,dns
0.0,0.0,191.333333333,dns
0.0,0.0,191.333333333,dns
0.0,0.0,191.333333333,dns
0.0,0.0,191.333333333,dns
0.0,0.0,191.333333333,dns
0.0,0.0,191.333333333,dns
0.0,0.0,191.333333333,dns
0.0,0.0,191.333333333,dns
0.0,0.0,191.333333333,dns
0.0,0.0,191.333333333,dns
0.0,0.0,191.333333333,dns
0.0,0.0,191.333333333,dns
0.0,0.0,191.333333333,dns
0.0,0.0,191.333333333,dns
0.0,0.0,191.333333333,dns
0.0,0.0,191.333333333,dns
0.0,0.0,191.333333333,dns
0.0,0.0,191.333333333,dns
0.0,0.0,191.333333333,dns
0.0,0.0,191.333333333,dns
0.0,0.0,191.333333333,dns
0.0,0.0,191.333333333,dns
0.0,0.0,191.333333333,dns
0.0,0.0,191.333333333,dns
0.0,0.0,191.333333333,dns
0.0,0.0,191.333333333,dns
0.0,0.0,191.333333333,dns
0.0,0.0,191.333333333,dns
0.0,0.0,191.333333333,dns
0.0,0.0,191.333333333,dns
0.0,0.0,191.333333333,dns
0.0,0.0,191.333333333,dns
0.0,0.0,191.333333333,dns
0.0,0.0,191.333333333,dns
0.0,0.0,191.333333333,dns
0.0,0.0,191.333333333,dns
0.0,0.0,191.333333333,dns
0.0,0.0,191.333333333,dns
0.0,0.0,191.333333333,dns
0.0,0.0,191.333333333,dns
0.0,0.0,191.333333333,dns
0.0,0.0,191.333333333,dns
0.0,0.0,191.333333333,dns
0.0,0.0,191.333333333,dns
0.0,0.0,191.333333333,dns
0.0,0.0,191.333333333,dns
0.0,0.0,191.333333333,dns
0.0,0.0,191.333333333,dns
0.0,0.0,191.333333333,dns
0.0,0.0,191.333333333,dns
0.0,0.0,191.333333333,dns
0.0,0.0,191.333333333,dns
0.0,0.0,191.333333333,dns
0.0,0.0,191.333333333,dns
0.0,0.0,191.333333333,dns
0.0,0.0,191.333333333,dns
0.0,0.0,191.333333333,dns
0.0,0.0,191.333333333,dns
0.0,0.0,191.333333333,dns
0.0,0.0,191.333333333,dns
0.0,0.0,191.333333333,dns
0.0,0.0,191.333333333,dns
0.0,0.0,191.333333333,dns
0.0,0.0,191.333333333,dns
0.0,0.0,191.333333333,dns
0.0,0.0,191.333333333,dns
0.0,0.0,191.333333333,dns
0.0,0.0,191.333333333,dns
0.0,0.0,191.333333333,dns
0.0,0.0,191.333333333,dns
0.0,0.0,191.333333333,dns
0.0,0.0,191.333333333,dns
0.0,0.0,191.333333333,dns
0.0,0.0,191.333333333,dns
0.0,0.0,191.333333333,dns
0.0,0.0,191.333333333,dns
0.0,0.0,191.333333333,dns
0.0,0.0,191.333333333,dns
0.0,0.0,191.333333333,dns
0.0,0.0,191.333333333,dns
0.0,0.0,191.333333333,dns
0.0,0.0,191.333333333,dns
0.0,0.0,191.333333333,dns
0.0,0.0,191.333333333,dns
0.0,0.0,191.333333333,dns
0.0,0.0,191.333333333,dns
0.0,0.0,191.333333333,dns
0.0,0.0,191.333333333,dns
0.0,0.0,191.333333333,dns
0.0,0.0,191.333333333,dns
0.0,0.0,191.333333333,dns
0.0,0.0,191.333333333,dns
0.0,0.0,191.333333333,dns
0.0,0.0,191.333333333,dns
0.0,0.0,191.333333333,dns
0.0,0.0,191.333333333,dns
0.0,0.0,191.333333333,dns
0.0,0.0,191.333333333,dns
0.0,0.0,191.333333333,dns
0.0,0.0,210.666666667,dns
0.0,0.0,210.666666667,dns
0.0,0.0,210.666666667,dns
0.0,0.0,210.666666667,dns
0.0,0.0,210.666666667,dns
0.0,0.0,210.666666667,dns
0.0,0.0,210.666666667,dns
0.0,0.0,105.666666667,dns
0.0,0.0,105.666666667,dns
0.0,0.0,105.666666667,dns
0.0,0.0,105.666666667,dns
0.0,0.0,105.666666667,dns
0.0,0.0,105.666666667,dns
0.0,0.0,105.666666667,dns
0.0,0.0,105.666666667,dns
0.0,0.0,105.666666667,dns
0.0,0.0,105.666666667,dns
0.0,0.0,105.666666667,dns
0.0,0.0,105.666666667,dns
0.0,0.0,105.666666667,dns
0.0,0.0,105.666666667,dns
0.0,0.0,105.666666667,dns
0.0,0.0,105.666666667,dns
0.0,0.0,105.666666667,dns
0.0,0.0,105.666666667,dns
0.0,0.0,105.666666667,dns
0.0,0.0,105.666666667,dns
0.0,0.0,105.666666667,dns
0.0,0.0,105.666666667,dns
0.0,0.0,105.666666667,dns
0.0,0.0,105.666666667,dns
0.0,0.0,105.666666667,dns
0.0,0.0,105.666666667,dns
0.0,0.0,105.666666667,dns
0.0,0.0,105.666666667,dns
0.0,0.0,105.666666667,dns
0.0,0.0,105.666666667,dns
0.0,0.0,105.666666667,dns
0.0,0.0,105.666666667,dns
0.0,31657.0,138.4,dns
0.707106781187,330817609.0,138.0,dns
0.0,25907.0,147.4,dns
0.0,23597.0,180.6,dns
0.0,558311.0,228.6,dns
0.0,14850.0,227.8,dns
0.0,57752.0,167.0,dns
0.0,145477.0,51.8,dns
0.0,10345332.0,58.0,dns
0.0,931326.0,59.8,dns
0.0,3952142.0,228.6,dns
11.2694276696,144804883.0,169.285714286,dns
6.36396103068,191497102.0,96.2,dns
0.0,22830.0,144.4,dns
