Fwd Packet Length Std,Bwd IAT Total,Packet Length Mean,Label
0.000000,0.000000,1.248889,dns
0.000000,0.000000,1.248889,dns
0.000000,0.000000,1.248889,dns
0.000000,0.000000,1.248889,dns
0.000000,0.000000,1.248889,dns
0.000000,0.000000,1.248889,dns
0.000000,0.000000,1.248889,dns
0.000000,0.000000,1.248889,dns
0.000000,0.000000,1.248889,dns
0.000000,0.000000,1.248889,dns
0.000000,0.000000,1.248889,dns
0.000000,0.000000,1.248889,dns
0.000000,0.000000,1.248889,dns
0.000000,0.000000,1.248889,dns
0.000000,0.000000,1.248889,dns
0.000000,0.000000,1.248889,dns
0.000000,0.000000,1.248889,dns
0.000000,0.000000,1.248889,dns
0.000000,0.000000,1.248889,dns
0.000000,0.000000,1.248889,dns
0.000000,0.000000,1.248889,dns
0.000000,0.000000,1.248889,dns
0.000000,0.000000,1.248889,dns
0.000000,0.000000,1.248889,dns
0.000000,0.000000,1.248889,dns
0.000000,0.000000,1.248889,dns
0.000000,0.000000,1.248889,dns
0.000000,0.000000,1.248889,dns
0.000000,0.000000,1.248889,dns
0.000000,0.000000,1.248889,dns
0.000000,0.000000,1.248889,dns
0.000000,0.000000,1.248889,dns
0.000000,0.000000,1.248889,dns
0.000000,0.000000,1.248889,dns
0.000000,0.000000,1.248889,dns
0.000000,0.000000,1.248889,dns
0.000000,0.000000,1.248889,dns
0.000000,0.000000,1.248889,dns
0.000000,0.000000,1.248889,dns
0.000000,0.000000,1.248889,dns
0.000000,0.000000,1.248889,dns
0.000000,0.000000,1.248889,dns
0.000000,0.000000,1.248889,dns
0.000000,0.000000,1.248889,dns
0.000000,0.000000,1.248889,dns
0.000000,0.000000,1.248889,dns
0.000000,0.000000,1.248889,dns
0.000000,0.000000,1.248889,dns
0.000000,0.000000,1.248889,dns
0.000000,0.000000,1.248889,dns
0.000000,0.000000,1.248889,dns
0.000000,0.000000,1.248889,dns
0.000000,0.000000,1.248889,dns
0.000000,0.000000,1.248889,dns
0.000000,0.000000,1.248889,dns
0.000000,0.000000,1.248889,dns
0.000000,0.000000,1.248889,dns
0.000000,0.000000,1.248889,dns
0.000000,0.000000,1.248889,dns
0.000000,0.000000,1.248889,dns
0.000000,0.000000,1.248889,dns
0.000000,0.000000,1.248889,dns
0.000000,0.000000,1.248889,dns
0.000000,0.000000,1.248889,dns
0.000000,0.000000,1.248889,dns
0.000000,0.000000,1.248889,dns
0.000000,0.000000,1.248889,dns
0.000000,0.000000,1.248889,dns
0.000000,0.000000,1.248889,dns
0.000000,0.000000,1.248889,dns
0.000000,0.000000,1.248889,dns
0.000000,0.000000,1.248889,dns
0.000000,0.000000,1.248889,dns
0.000000,0.000000,1.248889,dns
0.000000,0.000000,1.248889,dns
0.000000,0.000000,1.248889,dns
0.000000,0.000000,1.248889,dns
0.000000,0.000000,1.248889,dns
0.000000,0.000000,1.248889,dns
0.000000,0.000000,1.248889,dns
0.000000,0.000000,1.248889,dns
0.000000,0.000000,1.248889,dns
0.000000,0.000000,1.248889,dns
0.000000,0.000000,1.248889,dns
0.000000,0.000000,1.248889,dns
0.000000,0.000000,1.248889,dns
0.000000,0.000000,1.248889,dns
0.000000,0.000000,1.248889,dns
0.000000,0.000000,1.248889,dns
0.000000,0.000000,1.248889,dns
0.000000,0.000000,1.248889,dns
0.000000,0.000000,1.248889,dns
0.000000,0.000000,1.248889,dns
0.000000,0.000000,1.248889,dns
0.000000,0.000000,1.248889,dns
0.000000,0.000000,1.248889,dns
0.000000,0.000000,1.248889,dns
0.000000,0.000000,1.248889,dns
0.000000,0.000000,1.248889,dns
0.000000,0.000000,1.248889,dns
0.000000,0.000000,1.248889,dns
0.000000,0.000000,1.248889,dns
0.000000,0.000000,1.248889,dns
0.000000,0.000000,1.248889,dns
0.000000,0.000000,1.248889,dns
0.000000,0.000000,1.248889,dns
0.000000,0.000000,1.248889,dns
0.000000,0.000000,1.248889,dns
0.000000,0.000000,1.248889,dns
0.000000,0.000000,1.248889,dns
0.000000,0.000000,1.248889,dns
0.000000,0.000000,1.248889,dns
0.000000,0.000000,1.248889,dns
0.000000,0.000000,1.248889,dns
0.000000,0.000000,1.248889,dns
0.000000,0.000000,1.248889,dns
0.000000,0.000000,1.248889,dns
0.000000,0.000000,1.248889,dns
0.000000,0.000000,1.248889,dns
0.000000,0.000000,1.248889,dns
0.000000,0.000000,1.248889,dns
0.000000,0.000000,1.248889,dns
0.000000,0.000000,1.248889,dns
0.000000,0.000000,1.248889,dns
0.000000,0.000000,1.248889,dns
0.000000,0.000000,1.248889,dns
0.000000,0.000000,1.248889,dns
0.000000,0.000000,1.248889,dns
0.000000,0.000000,1.248889,dns
0.000000,0.000000,1.248889,dns
0.000000,0.000000,1.248889,dns
0.000000,0.000000,1.248889,dns
0.000000,0.000000,1.248889,dns
0.000000,0.000000,1.248889,dns
0.000000,0.000000,1.248889,dns
0.000000,0.000000,1.248889,dns
0.000000,0.000000,1.248889,dns
0.000000,0.000000,1.248889,dns
0.000000,0.000000,1.248889,dns
0.000000,0.000000,1.248889,dns
0.000000,0.000000,1.248889,dns
0.000000,0.000000,1.248889,dns
0.000000,0.000000,1.248889,dns
0.000000,0.000000,1.248889,dns
0.000000,0.000000,1.248889,dns
0.000000,0.000000,1.248889,dns
0.000000,0.000000,1.248889,dns
0.000000,0.000000,1.248889,dns
0.000000,0.000000,1.248889,dns
0.000000,0.000000,1.248889,dns
0.000000,0.000000,1.248889,dns
0.000000,0.000000,1.248889,dns
0.000000,0.000000,1.248889,dns
0.000000,0.000000,1.248889,dns
0.000000,0.000000,1.248889,dns
0.000000,0.000000,1.248889,dns
0.000000,0.000000,1.248889,dns
0.000000,0.000000,1.248889,dns
0.000000,0.000000,1.248889,dns
0.000000,0.000000,1.248889,dns
0.000000,0.000000,1.248889,dns
0.000000,0.000000,1.248889,dns
0.000000,0.000000,1.248889,dns
0.000000,0.000000,1.248889,dns
0.000000,0.000000,1.248889,dns
0.000000,0.000000,1.248889,dns
0.000000,0.000000,1.248889,dns
0.000000,0.000000,1.248889,dns
0.000000,0.000000,1.248889,dns
0.000000,0.000000,1.248889,dns
0.000000,0.000000,1.248889,dns
0.000000,0.000000,1.248889,dns
0.000000,0.000000,1.248889,dns
0.000000,0.000000,1.248889,dns
0.000000,0.000000,1.248889,dns
0.000000,0.000000,1.248889,dns
0.000000,0.000000,1.248889,dns
0.000000,0.000000,1.248889,dns
0.000000,0.000000,1.248889,dns
0.000000,0.000000,1.248889,dns
0.000000,0.000000,1.248889,dns
0.000000,0.000000,1.248889,dns
0.000000,0.000000,1.248889,dns
0.000000,0.000000,1.248889,dns
0.000000,0.000000,1.248889,dns
0.000000,0.000000,1.248889,dns
0.000000,0.000000,1.248889,dns
0.000000,0.000000,1.248889,dns
0.000000,0.000000,1.248889,dns
0.000000,0.000000,1.248889,dns
0.000000,0.000000,1.248889,dns
0.000000,0.000000,1.248889,dns
0.000000,0.000000,1.248889,dns
0.000000,0.000000,1.248889,dns
0.000000,0.000000,1.248889,dns
0.000000,0.000000,1.248889,dns
0.000000,0.000000,1.248889,dns
0.000000,0.000000,1.248889,dns
0.000000,0.000000,1.248889,dns
0.000000,0.000000,1.248889,dns
0.000000,0.000000,1.248889,dns
0.000000,0.000000,1.248889,dns
0.000000,0.000000,1.248889,dns
0.000000,0.000000,1.248889,dns
0.000000,0.000000,1.248889,dns
0.000000,0.000000,1.248889,dns
0.000000,0.000000,1.248889,dns
0.000000,0.000000,1.248889,dns
0.000000,0.000000,1.248889,dns
0.000000,0.000000,1.248889,dns
0.000000,0.000000,1.248889,dns
0.000000,0.000000,1.248889,dns
0.000000,0.000000,1.248889,dns
0.000000,0.000000,1.248889,dns
0.000000,0.000000,1.248889,dns
0.000000,0.000000,1.248889,dns
0.000000,0.000000,1.248889,dns
0.000000,0.000000,1.248889,dns
0.000000,0.000000,1.248889,dns
0.000000,0.000000,1.248889,dns
0.000000,0.000000,1.248889,dns
0.000000,0.000000,1.248889,dns
0.000000,0.000000,1.248889,dns
0.000000,0.000000,1.248889,dns
0.000000,0.000000,1.248889,dns
0.000000,0.000000,1.248889,dns
0.000000,0.000000,1.248889,dns
0.000000,0.000000,1.248889,dns
0.000000,0.000000,1.248889,dns
0.000000,0.000000,1.248889,dns
0.000000,0.000000,1.248889,dns
0.000000,0.000000,1.248889,dns
0.000000,0.000000,1.248889,dns
0.000000,0.000000,1.248889,dns
0.000000,0.000000,1.248889,dns
0.000000,0.000000,1.248889,dns
0.000000,0.000000,1.248889,dns
0.000000,0.000000,1.248889,dns
0.000000,0.000000,1.248889,dns
0.000000,0.000000,1.248889,dns
0.000000,0.000000,1.248889,dns
0.000000,0.000000,1.248889,dns
0.000000,0.000000,1.248889,dns
0.000000,0.000000,1.248889,dns
0.000000,0.000000,1.248889,dns
0.000000,0.000000,1.248889,dns
0.000000,0.006477,1.446667,dns
0.032083,0.000314,1.091429,dns
0.000000,0.000798,1.190667,dns
0.000000,0.000024,0.464000,dns
0.000000,0.000361,0.696000,dns
0.056144,0.004293,1.428571,dns
0.000000,0.000120,1.540000,dns
0.000000,0.002833,0.300000,dns
0.000000,0.000029,1.032000,dns
0.000000,0.200967,0.900635,dns
0.000000,0.000132,0.764000,dns
0.000000,0.000004,1.204000,dns
0.000000,0.000000,0.955000,dns
0.000000,0.000000,0.955000,dns
0.000000,0.000649,0.000000,http
0.000000,0.000649,0.000000,http
0.000000,0.050017,0.000000,http
1.323317,0.050082,0.412667,http
1.443714,0.000068,0.668333,http
0.000000,0.000000,3.253333,http
0.000000,0.000000,3.253333,http
0.000000,0.000000,3.253333,http
0.778001,0.000077,10.000000,http
1.549858,0.011856,0.585926,http
1.818545,0.065299,7.566393,http
0.737828,0.001494,6.314700,http
0.237127,0.004913,10.000000,http
0.000000,0.005669,0.000000,http
2.081925,0.015194,0.760000,http
1.869526,0.091649,4.216389,http
0.890290,0.000385,0.543333,http
1.195074,0.000022,10.000000,http
1.195074,0.000022,10.000000,http
1.572044,0.000019,10.000000,http
1.805856,0.025108,0.564848,http
0.000000,0.007604,0.000000,http
0.000000,0.000708,0.000000,http
2.034033,0.000014,0.385000,http
0.890290,0.000029,0.531852,http
0.890290,0.000029,0.531852,http
0.890290,0.000029,0.531852,http
0.890290,0.000029,0.531852,http
0.890290,0.000029,0.531852,http
0.890290,0.000029,0.531852,http
0.890290,0.000029,0.531852,http
0.890290,0.000029,0.531852,http
0.890290,0.000029,0.531852,http
0.890290,0.000029,0.531852,http
0.890290,0.000029,0.531852,http
0.890290,0.000029,0.531852,http
0.890290,0.000029,0.531852,http
0.890290,0.000029,0.531852,http
0.890290,0.000029,0.531852,http
0.890290,0.000029,0.531852,http
1.263101,0.005735,0.221333,http
0.000000,0.001898,0.000000,http
1.860787,0.001176,0.585926,http
0.890290,0.000050,0.543333,http
0.890290,0.000050,0.543333,http
1.250293,0.099677,0.720000,http
0.000000,0.024064,0.000000,http
0.000000,0.002550,0.000000,http
1.270509,0.099462,10.000000,http
5.096811,0.100412,10.000000,http
0.000000,0.050065,0.000000,http
0.365277,0.002178,7.902510,http
0.434401,0.001825,5.515797,http
0.461221,0.005985,5.982413,http
1.503487,0.000668,0.402667,http
0.890290,0.000018,0.543333,http
0.890290,0.000018,0.543333,http
1.173886,0.005100,10.000000,http
0.000000,0.000793,0.000000,http
0.000000,0.049903,0.000000,http
0.000000,0.049903,0.000000,http
0.000000,0.049903,0.000000,http
0.000000,0.049903,0.000000,http
0.000000,0.049903,0.000000,http
1.250293,0.000031,10.000000,http
0.000000,0.006611,0.000000,http
0.000000,0.025832,0.000000,http
1.267612,0.003371,0.416410,http
0.000000,0.026948,0.000000,http
1.820684,0.000062,10.000000,http
0.000000,0.000349,0.000000,http
0.000000,0.000349,0.000000,http
0.000000,0.000349,0.000000,http
0.000000,0.000370,0.000000,http
0.890290,0.000024,0.478667,http
0.950552,0.000027,0.510000,http
0.000000,0.000990,0.000000,http
1.056169,0.000100,6.710400,http
0.000000,0.049925,0.000000,http
0.000000,0.049925,0.000000,http
0.000000,0.004339,0.000000,http
0.000000,0.049957,0.000000,http
0.000000,0.049957,0.000000,http
0.000000,0.049957,0.000000,http
0.000000,0.049957,0.000000,http
0.000000,0.049957,0.000000,http
0.000000,0.049957,0.000000,http
0.000000,0.049957,0.000000,http
3.023779,0.000645,10.000000,http
0.985772,0.429680,0.372195,http
0.000000,0.007990,0.000000,http
0.832509,0.000025,0.491515,http
0.705816,0.000002,10.000000,http
0.383106,0.076848,0.046667,http
0.657692,0.000024,0.586667,http
0.000000,0.000029,0.000000,http
0.000000,0.000029,0.000000,http
0.000000,0.000029,0.000000,http
0.000000,0.000029,0.000000,http
0.000000,0.000029,0.000000,http
0.000000,0.000029,0.000000,http
1.820684,0.000009,0.655000,http
1.820684,0.000009,0.655000,http
1.820684,0.000009,0.655000,http
1.820684,0.000009,0.655000,http
0.585063,0.003046,7.092232,http
0.000000,0.008955,0.000000,http
0.000000,0.004250,0.000000,http
1.951846,0.100290,0.374074,http
1.278077,0.000630,10.000000,http
0.000000,0.000383,0.000000,http
0.000000,0.000383,0.000000,http
0.000000,0.016705,0.000000,http
4.507596,0.000017,0.911667,http
7.881215,0.010770,1.252941,http
0.254870,0.001102,7.635044,http
0.000000,0.000076,0.000000,http
0.000000,0.000076,0.000000,http
1.363036,0.100076,0.454444,http
8.281152,0.000159,3.194667,http
1.354484,0.099874,0.306667,http
0.757956,0.000281,0.544848,http
0.000000,0.050397,0.000000,http
0.148482,0.005699,8.457030,http
0.000000,0.278799,0.000000,http
1.848402,0.025623,0.569697,http
0.826998,0.055513,0.367619,http
0.000000,0.000685,0.000000,http
1.235178,0.000045,0.563704,http
3.790488,0.471083,6.077559,http
0.000000,0.004288,0.000000,http
1.058724,0.000008,0.628333,http
1.058724,0.000008,0.628333,http
1.058724,0.000008,0.628333,http
1.058724,0.000008,0.628333,http
1.058724,0.000008,0.628333,http
1.058724,0.000008,0.628333,http
1.058724,0.000008,0.628333,http
1.058724,0.000008,0.628333,http
1.058724,0.000008,0.628333,http
1.058724,0.000008,0.628333,http
1.058724,0.000008,0.628333,http
1.058724,0.000008,0.628333,http
1.058724,0.000008,0.628333,http
1.058724,0.000008,0.628333,http
1.058724,0.000008,0.628333,http
1.058724,0.000008,0.628333,http
1.058724,0.000008,0.628333,http
1.058724,0.000008,0.628333,http
1.058724,0.000008,0.628333,http
1.058724,0.000008,0.628333,http
1.058724,0.000008,0.628333,http
1.058724,0.000008,0.628333,http
4.692071,0.000004,1.000000,http
1.058724,0.000003,0.718095,http
1.058724,0.000516,0.688333,http
6.015475,0.000307,1.577778,http
0.890290,0.000106,0.543333,http
2.109427,0.000007,10.000000,http
0.000000,0.011694,0.000000,http
0.890290,0.000098,0.543333,http
1.745784,0.028346,0.336667,http
1.058724,0.000006,0.628333,http
1.058724,0.000006,0.628333,http
1.058724,0.000006,0.628333,http
1.058724,0.000006,0.628333,http
1.058724,0.000006,0.628333,http
1.058724,0.000006,0.628333,http
1.058724,0.000006,0.628333,http
1.058724,0.000006,0.628333,http
1.058724,0.000006,0.628333,http
1.058724,0.000006,0.628333,http
1.058724,0.000006,0.628333,http
1.058724,0.000006,0.628333,http
1.058724,0.000006,0.628333,http
1.058724,0.000006,0.628333,http
1.058724,0.000006,0.628333,http
1.058724,0.000006,0.628333,http
1.058724,0.000006,0.628333,http
1.058724,0.000006,0.628333,http
1.058724,0.000006,0.628333,http
1.058724,0.000006,0.628333,http
1.058724,0.000006,0.628333,http
1.058724,0.000006,0.628333,http
1.058724,0.000006,0.628333,http
1.058724,0.000006,0.628333,http
0.865992,0.001672,5.571831,http
0.227326,0.003955,6.369796,http
1.334340,0.100557,0.450000,http
1.531941,0.000363,0.480000,http
1.588085,0.000083,0.598333,http
0.868259,0.099472,0.258519,http
6.360363,0.000731,1.707407,http
1.339446,0.000009,0.651667,http
1.455181,0.000008,0.613333,http
0.369726,0.001717,5.706361,http
0.302855,0.034674,7.805870,http
1.333646,0.100319,0.304444,http
0.771014,0.000050,0.478667,http
8.796926,0.099364,3.716000,http
1.920303,0.050478,0.685641,http
0.000000,0.225495,0.000000,http
1.323405,0.000005,0.183333,http
1.326700,0.000200,6.893333,http
0.890290,0.000152,0.531852,http
0.890290,0.000152,0.531852,http
1.950805,0.051926,1.230909,http
0.000000,0.042883,0.000000,http
3.798672,0.314602,6.373848,http
1.348168,0.000327,0.261212,http
1.820684,0.000099,10.000000,http
0.000000,0.049116,0.000000,http
1.351668,0.066986,0.305135,http
1.820684,0.000061,0.655000,http
1.820684,0.000061,0.655000,http
5.101123,0.000746,0.959259,http
0.000000,0.000097,0.000000,http
0.000000,0.000097,0.000000,http
0.000000,0.000097,0.000000,http
0.000000,0.000097,0.000000,http
0.000000,0.000097,0.000000,http
0.000000,0.000097,0.000000,http
0.000000,0.000097,0.000000,http
0.000000,0.000097,0.000000,http
0.000000,0.000097,0.000000,http
0.000000,0.000097,0.000000,http
0.000000,0.000097,0.000000,http
0.000000,0.000097,0.000000,http
0.000000,0.000097,0.000000,http
0.000000,0.000097,0.000000,http
0.000000,0.000097,0.000000,http
0.000000,0.000097,0.000000,http
0.000000,0.000097,0.000000,http
0.000000,0.000097,0.000000,http
0.000000,0.000097,0.000000,http
0.000000,0.000097,0.000000,http
0.000000,0.000097,0.000000,http
0.000000,0.000097,0.000000,http
0.000000,0.000097,0.000000,http
0.000000,0.000097,0.000000,http
0.000000,0.000097,0.000000,http
0.000000,0.000097,0.000000,http
0.000000,0.000097,0.000000,http
0.000000,0.000097,0.000000,http
0.000000,0.000097,0.000000,http
0.000000,0.000097,0.000000,http
0.000000,0.000097,0.000000,http
0.000000,0.000097,0.000000,http
0.000000,0.000097,0.000000,http
0.000000,0.000097,0.000000,http
0.000000,0.000097,0.000000,http
0.000000,0.000097,0.000000,http
0.000000,0.000097,0.000000,http
0.000000,0.000097,0.000000,http
0.000000,0.000097,0.000000,http
0.000000,0.000097,0.000000,http
0.000000,0.000097,0.000000,http
0.000000,0.001019,0.000000,http
0.000000,0.001019,0.000000,http
3.163848,0.014960,0.856828,http
0.000000,0.000039,0.000000,https
0.000000,0.000039,0.000000,https
0.000000,0.000039,0.000000,https
1.278611,0.001202,1.875686,https
4.162954,0.008590,1.007037,https
0.964653,0.000380,1.745965,https
3.569018,0.006163,1.941720,https
2.258331,0.000166,2.204912,https
0.000000,0.002919,0.000000,https
0.618863,0.001328,0.070000,https
9.026903,0.108284,2.898205,https
3.192594,0.000537,2.429444,https
3.578048,0.050349,0.671282,https
0.000000,0.000617,0.000000,https
9.488085,0.009831,2.639286,https
4.172942,0.003670,1.050769,https
2.940281,0.200427,1.047222,https
0.978642,0.005496,6.174705,https
2.309311,0.002403,1.579474,https
6.611321,0.000873,1.337333,https
1.127140,0.006358,6.761045,https
3.745917,0.200239,0.980476,https
3.701564,0.033581,4.348444,https
0.711788,0.009198,7.626418,https
1.730916,0.488043,0.411275,https
4.211016,0.003692,0.845238,https
5.530741,0.000162,1.549722,https
7.878216,0.004517,4.216202,https
0.000000,0.026684,0.000000,https
0.000000,0.026684,0.000000,https
5.321323,0.000863,1.972903,https
8.774222,0.000640,10.000000,https
3.475512,0.017868,1.019298,https
8.171014,0.082987,2.471515,https
0.955634,0.000064,2.090769,https
5.989355,0.004742,2.734848,https
0.178216,0.259791,0.085333,https
2.004599,0.004769,0.423556,https
4.510594,0.004014,2.151467,https
1.606417,0.003919,4.387634,https
3.821938,0.000364,0.955385,https
3.506185,0.100914,1.742667,https
3.530732,0.050040,0.522222,https
1.993302,0.000307,1.185067,https
4.835121,0.000279,1.216923,https
2.004599,0.026431,0.423556,https
1.972660,0.000212,1.621839,https
2.497320,0.000536,1.713704,https
2.888226,0.008547,0.357619,https
3.591120,0.000157,2.705455,https
7.199503,0.000539,2.574133,https
2.497320,0.000342,1.814510,https
2.004599,0.000421,0.423556,https
2.401676,0.250378,1.874545,https
4.620500,0.000049,1.993333,https
2.375699,0.000082,2.322222,https
2.497320,0.000517,1.713704,https
2.497320,0.000517,1.713704,https
2.087367,0.002082,1.720494,https
7.245340,0.007474,1.208000,https
7.690158,0.000742,4.935887,https
0.000000,0.000369,0.000000,https
10.000000,0.000000,3.092381,https
2.684822,0.000588,1.876250,https
0.000000,0.000000,0.146667,https
2.300862,0.000046,0.526111,https
6.563413,0.025189,2.475062,https
0.312805,0.000000,0.052000,https
0.312805,0.000000,0.052000,https
0.312805,0.000000,0.052000,https
0.312805,0.000000,0.052000,https
0.312805,0.000000,0.052000,https
0.312805,0.000000,0.052000,https
0.312805,0.000000,0.052000,https
0.312805,0.000000,0.052000,https
0.312805,0.000000,0.052000,https
0.312805,0.000000,0.052000,https
0.312805,0.000000,0.052000,https
0.312805,0.000000,0.052000,https
0.312805,0.000000,0.052000,https
0.312805,0.000000,0.052000,https
0.312805,0.000000,0.052000,https
0.312805,0.000000,0.052000,https
0.312805,0.000000,0.052000,https
0.312805,0.000000,0.052000,https
0.312805,0.000000,0.052000,https
0.312805,0.000000,0.052000,https
0.312805,0.000000,0.052000,https
0.312805,0.000000,0.052000,https
0.312805,0.000000,0.052000,https
0.312805,0.000000,0.052000,https
0.312805,0.000000,0.052000,https
0.312805,0.000000,0.052000,https
0.312805,0.000000,0.052000,https
0.312805,0.000000,0.052000,https
0.312805,0.000000,0.052000,https
0.312805,0.000000,0.052000,https
0.312805,0.000000,0.052000,https
0.312805,0.000000,0.052000,https
0.312805,0.000000,0.052000,https
0.312805,0.000000,0.052000,https
0.312805,0.000000,0.052000,https
0.312805,0.000000,0.052000,https
0.312805,0.000000,0.052000,https
0.312805,0.000000,0.052000,https
0.312805,0.000000,0.052000,https
0.312805,0.000000,0.052000,https
0.312805,0.000000,0.052000,https
0.312805,0.000000,0.052000,https
0.312805,0.000000,0.052000,https
0.312805,0.000000,0.052000,https
0.312805,0.000000,0.052000,https
0.312805,0.000000,0.052000,https
0.312805,0.000000,0.052000,https
0.312805,0.000000,0.052000,https
0.312805,0.000000,0.052000,https
0.312805,0.000000,0.052000,https
0.312805,0.000000,0.052000,https
0.312805,0.000000,0.052000,https
0.312805,0.000000,0.052000,https
0.312805,0.000000,0.052000,https
0.312805,0.000000,0.052000,https
0.312805,0.000000,0.052000,https
0.312805,0.000000,0.052000,https
0.312805,0.000000,0.052000,https
0.312805,0.000000,0.052000,https
0.312805,0.000000,0.052000,https
0.312805,0.000000,0.052000,https
0.312805,0.000000,0.052000,https
0.312805,0.000000,0.052000,https
0.312805,0.000000,0.052000,https
0.312805,0.000000,0.052000,https
0.312805,0.000000,0.052000,https
0.312805,0.000000,0.052000,https
0.312805,0.000000,0.052000,https
0.312805,0.000000,0.052000,https
0.312805,0.000000,0.052000,https
0.312805,0.000000,0.052000,https
0.312805,0.000000,0.052000,https
0.312805,0.000000,0.052000,https
0.312805,0.000000,0.052000,https
0.312805,0.000000,0.052000,https
0.312805,0.000000,0.052000,https
0.312805,0.000000,0.052000,https
0.312805,0.000000,0.052000,https
0.312805,0.000000,0.052000,https
0.312805,0.000000,0.052000,https
8.687639,0.222747,2.599493,https
2.991340,0.009293,1.748889,https
2.684822,0.000596,2.618333,https
5.199908,0.070044,1.958070,https
2.881573,0.000035,0.611515,https
2.210623,0.494555,2.596516,https
3.309384,0.000609,1.753000,https
5.993839,0.035526,1.617391,https
2.123073,0.054377,0.440000,https
3.279061,0.025245,0.638333,https
7.124453,0.002474,2.507949,https
5.726713,0.001624,0.930159,https
3.502960,0.000357,0.880444,https
3.136310,0.000051,0.576970,https
2.163983,0.200232,0.726914,https
2.157930,0.015987,10.000000,https
0.593527,0.000000,1.120000,https
3.180104,0.000698,0.591765,https
5.431681,0.010322,2.244333,https
5.160244,0.000067,2.056111,https
4.219130,0.106042,3.309403,https
2.772762,0.052705,1.758261,https
2.550913,0.018998,2.248172,https
2.258331,0.002890,2.087667,https
0.000000,0.024781,0.034667,https
1.797872,0.000602,1.240784,https
4.913244,0.002902,2.792381,https
7.662139,0.002199,2.394815,https
9.196866,0.010161,2.923718,https
5.495423,0.002341,1.899091,https
1.380691,0.125638,4.371462,https
5.256437,0.201592,1.982828,https
4.702260,0.000473,1.083333,https
2.300285,0.000708,1.924348,https
2.574836,0.013445,1.303333,https
8.606211,0.000707,1.790719,https
4.146668,0.008357,4.976863,https
7.217146,0.000751,1.427111,https
6.491044,0.000519,2.170926,https
8.078707,0.001540,4.994085,https
2.258331,0.000281,2.761333,https
8.064297,0.000737,1.449074,https
0.986716,0.000106,2.047179,https
7.206567,0.200825,1.179111,https
2.581406,0.200452,0.669143,https
2.447171,0.488253,0.322286,https
3.992550,0.007276,0.861333,https
0.000000,0.000640,0.000000,https
4.183260,0.445851,3.581194,https
10.000000,0.000048,0.580000,https
1.606027,0.200360,2.718156,https
2.676858,0.015892,1.791228,https
3.472527,0.007350,3.747083,https
2.328649,0.001150,2.132540,https
2.514109,0.003863,2.366496,https
1.152725,0.051665,1.345714,https
6.366502,0.003836,2.867667,https
1.852766,0.003572,0.256667,https
0.505300,0.000031,10.000000,https
2.376369,0.050033,1.658788,https
8.828947,0.063939,2.569067,https
2.067586,0.001374,1.814783,https
0.481811,0.020605,6.010902,https
2.430786,0.055753,0.392632,https
0.000000,0.000002,5.516190,https
0.000000,0.000002,5.516190,https
0.000000,0.000002,5.516190,https
0.000000,0.000002,5.516190,https
0.000000,0.000002,5.516190,https
0.383106,0.000204,0.037143,https
1.319562,0.000763,2.607513,https
6.782494,0.201700,2.981138,https
2.422009,0.005636,6.787180,https
6.034952,0.016836,1.075455,https
2.801815,0.000389,0.797000,https
1.253007,0.030326,1.124469,https
2.486539,0.000555,0.353125,https
1.988637,0.205976,1.578025,https
0.924152,0.008580,1.130000,https
3.178071,0.003543,1.187917,https
2.932137,0.001799,2.784889,https
7.828505,0.000630,3.240317,https
7.418393,0.000216,3.202029,https
5.163813,0.152641,1.418280,https
6.448429,0.200321,2.415362,https
0.325898,0.000007,0.128333,https
3.605603,0.005629,1.151852,https
7.038262,0.000556,2.632281,https
9.169579,0.004478,2.354444,https
3.593992,0.022532,0.953086,https
6.371950,0.001061,1.908205,https
2.965563,0.008717,1.981961,https
0.000000,0.000724,0.000000,https
0.000000,0.015769,0.000000,https
5.173266,0.004478,3.320000,https
2.359504,0.000258,1.212889,https
6.984977,0.009251,1.401667,https
9.140631,0.000393,5.997714,https
0.086086,0.000000,0.009412,https
0.208702,0.490877,2.164991,https
6.326777,0.000615,1.271765,https
4.895182,0.000534,2.501961,https
6.355409,0.094282,1.748267,https
0.000000,0.220538,0.004000,https
1.427913,0.135836,4.284201,https
8.078707,0.001626,4.994085,https
2.383483,0.037192,0.765750,https
0.928927,0.000242,0.537778,https
7.260864,0.000394,3.023333,https
2.793240,0.001143,1.656970,https
2.684822,0.000648,2.236889,https
4.840553,0.479222,0.616401,https
3.969360,0.000350,0.980909,https
4.278738,0.000249,7.114916,live
4.278738,0.000249,7.114916,live
7.441004,0.000249,3.154871,live
7.441004,0.000249,3.154871,live
3.746026,0.000246,7.009388,live
3.746026,0.000246,7.009388,live
6.840979,0.000249,3.682110,live
6.840979,0.000249,3.682110,live
4.383966,0.000248,7.189569,live
4.383966,0.000248,7.189569,live
6.179594,0.000250,4.918624,live
6.179594,0.000250,4.918624,live
2.389868,0.000249,3.451318,live
2.389868,0.000249,3.451318,live
6.584131,0.000249,3.916807,live
6.584131,0.000249,3.916807,live
6.141360,0.000249,2.739787,live
6.141360,0.000249,2.739787,live
6.694368,0.000240,3.200564,live
6.694368,0.000240,3.200564,live
6.275930,0.000249,5.110497,live
6.275930,0.000249,5.110497,live
4.309619,0.000249,7.151753,live
4.309619,0.000249,7.151753,live
7.744471,0.000249,2.349332,live
7.744471,0.000249,2.349332,live
6.667756,0.000249,2.832601,live
6.667756,0.000249,2.832601,live
6.874176,0.000249,3.831440,live
6.874176,0.000249,3.831440,live
2.391551,0.000249,2.692437,live
2.391551,0.000249,2.692437,live
4.570448,0.000248,7.339560,live
4.570448,0.000248,7.339560,live
2.685621,0.000249,3.216341,live
2.685621,0.000249,3.216341,live
7.353439,0.000207,3.045574,live
7.353439,0.000207,3.045574,live
2.473711,0.000246,6.730600,live
2.473711,0.000246,6.730600,live
7.301107,0.000249,3.121516,live
7.301107,0.000249,3.121516,live
2.366159,0.000249,2.554315,live
2.366159,0.000249,2.554315,live
6.756179,0.000249,3.322383,live
6.756179,0.000249,3.322383,live
4.555410,0.000047,8.627339,live
4.555410,0.000047,8.627339,live
2.385492,0.000232,3.315173,live
2.385492,0.000232,3.315173,live
7.342414,0.000249,3.145363,live
7.342414,0.000249,3.145363,live
4.202849,0.000247,7.208768,live
4.202849,0.000247,7.208768,live
6.785365,0.000249,3.708595,live
6.785365,0.000249,3.708595,live
2.822850,0.000249,3.939095,live
2.822850,0.000249,3.939095,live
2.577562,0.000247,6.743805,live
2.577562,0.000247,6.743805,live
6.539944,0.000249,2.826487,live
6.539944,0.000249,2.826487,live
6.172559,0.000249,2.700766,live
6.172559,0.000249,2.700766,live
6.738035,0.000249,3.062284,live
6.738035,0.000249,3.062284,live
4.319887,0.000248,7.119561,live
4.319887,0.000248,7.119561,live
6.386373,0.000249,2.739020,live
6.386373,0.000249,2.739020,live
5.978459,0.000249,5.308827,live
5.978459,0.000249,5.308827,live
6.693553,0.000249,2.904610,live
6.693553,0.000249,2.904610,live
5.088786,0.000068,8.610355,live
5.088786,0.000068,8.610355,live
2.459213,0.000246,6.673030,live
2.459213,0.000246,6.673030,live
6.555411,0.000215,3.746547,live
6.555411,0.000215,3.746547,live
4.641850,0.000060,8.528136,live
4.641850,0.000060,8.528136,live
3.160975,0.000249,4.972234,live
3.160975,0.000249,4.972234,live
6.006523,0.000249,2.676245,live
6.006523,0.000249,2.676245,live
2.500813,0.000249,2.929634,live
2.500813,0.000249,2.929634,live
6.580145,0.000249,2.706246,live
6.580145,0.000249,2.706246,live
2.399674,0.000247,6.839896,live
2.399674,0.000247,6.839896,live
2.564860,0.000246,6.568600,live
2.564860,0.000246,6.568600,live
5.109632,0.000082,8.650115,live
5.109632,0.000082,8.650115,live
4.662312,0.000015,8.623390,live
4.662312,0.000015,8.623390,live
7.410566,0.000207,3.396370,live
7.410566,0.000207,3.396370,live
6.435857,0.000249,2.856296,live
6.435857,0.000249,2.856296,live
6.344727,0.000249,2.900116,live
6.344727,0.000249,2.900116,live
3.611126,0.000246,7.195077,live
3.611126,0.000246,7.195077,live
7.447199,0.000249,3.033646,live
7.447199,0.000249,3.033646,live
2.325251,0.000249,3.093748,live
2.325251,0.000249,3.093748,live
2.609784,0.000248,6.625888,live
2.609784,0.000248,6.625888,live
7.608373,0.000249,2.351229,live
7.608373,0.000249,2.351229,live
2.275733,0.000249,3.125301,live
2.275733,0.000249,3.125301,live
2.398644,0.000247,6.645014,live
2.398644,0.000247,6.645014,live
2.544068,0.000246,6.723872,live
2.544068,0.000246,6.723872,live
6.451436,0.000249,2.833335,live
6.451436,0.000249,2.833335,live
2.533044,0.000247,6.643220,live
2.533044,0.000247,6.643220,live
7.952978,0.000249,2.508374,live
7.952978,0.000249,2.508374,live
6.563059,0.000249,3.812557,live
6.563059,0.000249,3.812557,live
4.852513,0.000248,7.189460,live
4.852513,0.000248,7.189460,live
2.570608,0.000249,2.868233,live
2.570608,0.000249,2.868233,live
2.282682,0.000249,2.665323,live
2.282682,0.000249,2.665323,live
5.850070,0.000249,5.366709,live
5.850070,0.000249,5.366709,live
2.262716,0.000249,2.771558,live
2.262716,0.000249,2.771558,live
2.912212,0.000247,6.604175,live
2.912212,0.000247,6.604175,live
6.551443,0.000249,3.821491,live
6.551443,0.000249,3.821491,live
4.053854,0.000247,6.939639,live
4.053854,0.000247,6.939639,live
6.674780,0.000249,2.949886,live
6.674780,0.000249,2.949886,live
3.378512,0.000249,7.139841,live
3.378512,0.000249,7.139841,live
4.780754,0.000247,7.202752,live
4.780754,0.000247,7.202752,live
5.941888,0.000249,2.583304,live
5.941888,0.000249,2.583304,live
8.335223,0.000249,3.046523,live
8.335223,0.000249,3.046523,live
6.344633,0.000249,2.777706,live
6.344633,0.000249,2.777706,live
2.345583,0.000245,6.562836,live
2.345583,0.000245,6.562836,live
6.528413,0.000249,4.042038,live
6.528413,0.000249,4.042038,live
6.115575,0.000249,5.271733,live
6.115575,0.000249,5.271733,live
5.754531,0.000249,2.437636,live
5.754531,0.000249,2.437636,live
8.381540,0.000249,3.020581,live
8.381540,0.000249,3.020581,live
3.301746,0.000247,7.138137,live
3.301746,0.000247,7.138137,live
4.434880,0.000249,7.245000,live
4.434880,0.000249,7.245000,live
6.874275,0.000187,3.690677,live
6.874275,0.000187,3.690677,live
6.645830,0.000250,3.271150,live
6.645830,0.000250,3.271150,live
2.509904,0.000249,2.619213,live
2.509904,0.000249,2.619213,live
6.690482,0.000249,3.005024,live
6.690482,0.000249,3.005024,live
2.517017,0.000248,2.982434,live
2.517017,0.000248,2.982434,live
3.878933,0.000246,7.150267,live
3.878933,0.000246,7.150267,live
2.386420,0.000246,6.626001,live
2.386420,0.000246,6.626001,live
6.759759,0.000249,3.802876,live
6.759759,0.000249,3.802876,live
2.936052,0.000249,4.979675,live
2.936052,0.000249,4.979675,live
2.283139,0.000249,3.060621,live
2.283139,0.000249,3.060621,live
6.711079,0.000249,3.162341,live
6.711079,0.000249,3.162341,live
2.936170,0.000249,3.873180,live
2.936170,0.000249,3.873180,live
2.529949,0.000245,6.624640,live
2.529949,0.000245,6.624640,live
2.218993,0.000249,2.511021,live
2.218993,0.000249,2.511021,live
4.124100,0.000247,7.147228,live
4.124100,0.000247,7.147228,live
2.570913,0.000240,2.979665,live
2.570913,0.000240,2.979665,live
4.188268,0.000247,7.152237,live
4.188268,0.000247,7.152237,live
6.820533,0.000249,2.793551,live
6.820533,0.000249,2.793551,live
6.262009,0.000249,4.773186,live
6.262009,0.000249,4.773186,live
4.300364,0.000248,7.119822,live
4.300364,0.000248,7.119822,live
4.851182,0.000248,7.150790,live
4.851182,0.000248,7.150790,live
7.642979,0.000248,2.453259,live
7.642979,0.000248,2.453259,live
6.065996,0.000249,2.641231,live
6.065996,0.000249,2.641231,live
6.829020,0.000072,3.997879,live
6.829020,0.000072,3.997879,live
7.228267,0.000249,3.528725,live
7.228267,0.000249,3.528725,live
6.299498,0.000249,2.814762,live
6.299498,0.000249,2.814762,live
2.712007,0.000244,6.632030,live
2.712007,0.000244,6.632030,live
3.809894,0.000246,7.018357,live
3.809894,0.000246,7.018357,live
6.130649,0.000240,2.793748,live
6.130649,0.000240,2.793748,live
4.234415,0.000247,7.088655,live
4.234415,0.000247,7.088655,live
6.464540,0.000249,3.765867,live
6.464540,0.000249,3.765867,live
4.750352,0.000248,7.207500,live
4.750352,0.000248,7.207500,live
6.179819,0.000249,4.875411,live
6.179819,0.000249,4.875411,live
6.424249,0.000249,4.643931,live
6.424249,0.000249,4.643931,live
3.343578,0.000248,7.356180,live
3.343578,0.000248,7.356180,live
3.706025,0.000246,7.117311,live
3.706025,0.000246,7.117311,live
6.552551,0.000249,3.754693,live
6.552551,0.000249,3.754693,live
5.982665,0.000249,2.609470,live
5.982665,0.000249,2.609470,live
8.373591,0.000249,3.199719,live
8.373591,0.000249,3.199719,live
6.446817,0.000249,2.734009,live
6.446817,0.000249,2.734009,live
6.841786,0.000249,3.696070,live
6.841786,0.000249,3.696070,live
4.302538,0.000062,4.124680,live
4.302538,0.000062,4.124680,live
6.636126,0.000249,2.987175,live
6.636126,0.000249,2.987175,live
5.395485,0.000111,8.617429,live
5.395485,0.000111,8.617429,live
2.279629,0.000249,2.543188,live
2.279629,0.000249,2.543188,live
6.747053,0.000005,0.870667,outros
6.747053,0.000005,0.870667,outros
6.747053,0.000005,0.870667,outros
6.747053,0.000005,0.870667,outros
6.747053,0.000005,0.870667,outros
6.747053,0.000005,0.870667,outros
6.747053,0.000005,0.870667,outros
6.747053,0.000005,0.870667,outros
6.747053,0.000005,0.870667,outros
6.747053,0.000005,0.870667,outros
6.747053,0.000005,0.870667,outros
6.747053,0.000005,0.870667,outros
6.747053,0.000005,0.870667,outros
6.747053,0.000005,0.870667,outros
6.747053,0.000005,0.870667,outros
6.747053,0.000005,0.870667,outros
6.747053,0.000005,0.870667,outros
6.747053,0.000005,0.870667,outros
6.747053,0.000005,0.870667,outros
6.747053,0.000005,0.870667,outros
6.747053,0.000005,0.870667,outros
6.747053,0.000005,0.870667,outros
6.747053,0.000005,0.870667,outros
6.747053,0.000005,0.870667,outros
6.747053,0.000005,0.870667,outros
6.747053,0.000005,0.870667,outros
6.747053,0.000005,0.870667,outros
6.747053,0.000005,0.870667,outros
6.747053,0.000005,0.870667,outros
6.747053,0.000005,0.870667,outros
6.747053,0.000005,0.870667,outros
6.747053,0.000005,0.870667,outros
6.747053,0.000005,0.870667,outros
6.747053,0.000005,0.870667,outros
6.747053,0.000005,0.870667,outros
6.747053,0.000005,0.870667,outros
6.747053,0.000005,0.870667,outros
6.747053,0.000005,0.870667,outros
6.747053,0.000005,0.870667,outros
6.747053,0.000005,0.870667,outros
6.747053,0.000005,0.870667,outros
6.747053,0.000005,0.870667,outros
6.747053,0.000005,0.870667,outros
6.747053,0.000005,0.870667,outros
6.747053,0.000005,0.870667,outros
6.747053,0.000005,0.870667,outros
6.747053,0.000005,0.870667,outros
6.747053,0.000005,0.870667,outros
6.747053,0.000005,0.870667,outros
6.747053,0.000005,0.870667,outros
6.747053,0.000005,0.870667,outros
6.747053,0.000005,0.870667,outros
6.747053,0.000005,0.870667,outros
6.747053,0.000005,0.870667,outros
6.747053,0.000005,0.870667,outros
6.747053,0.000005,0.870667,outros
6.747053,0.000005,0.870667,outros
6.747053,0.000005,0.870667,outros
6.747053,0.000005,0.870667,outros
6.747053,0.000005,0.870667,outros
6.747053,0.000005,0.870667,outros
6.747053,0.000005,0.870667,outros
6.747053,0.000005,0.870667,outros
6.747053,0.000005,0.870667,outros
6.747053,0.000005,0.870667,outros
6.747053,0.000005,0.870667,outros
6.747053,0.000005,0.870667,outros
6.747053,0.000005,0.870667,outros
6.747053,0.000005,0.870667,outros
6.747053,0.000005,0.870667,outros
6.747053,0.000005,0.870667,outros
6.747053,0.000005,0.870667,outros
6.747053,0.000005,0.870667,outros
6.747053,0.000005,0.870667,outros
6.747053,0.000005,0.870667,outros
6.747053,0.000005,0.870667,outros
6.747053,0.000005,0.870667,outros
6.747053,0.000005,0.870667,outros
6.747053,0.000005,0.870667,outros
6.747053,0.000005,0.870667,outros
6.747053,0.000005,0.870667,outros
6.747053,0.000005,0.870667,outros
6.747053,0.000005,0.870667,outros
6.747053,0.000005,0.870667,outros
6.747053,0.000005,0.870667,outros
6.747053,0.000005,0.870667,outros
6.747053,0.000005,0.870667,outros
6.747053,0.000005,0.870667,outros
6.747053,0.000005,0.870667,outros
6.747053,0.000005,0.870667,outros
6.747053,0.000005,0.870667,outros
6.747053,0.000005,0.870667,outros
6.747053,0.000005,0.870667,outros
6.747053,0.000005,0.870667,outros
6.747053,0.000005,0.870667,outros
6.747053,0.000005,0.870667,outros
6.747053,0.000005,0.870667,outros
6.747053,0.000005,0.870667,outros
6.747053,0.000005,0.870667,outros
6.747053,0.000005,0.870667,outros
6.747053,0.000005,0.870667,outros
6.747053,0.000005,0.870667,outros
6.747053,0.000005,0.870667,outros
6.747053,0.000005,0.870667,outros
6.747053,0.000005,0.870667,outros
6.747053,0.000005,0.870667,outros
6.747053,0.000005,0.870667,outros
6.747053,0.000005,0.870667,outros
6.747053,0.000005,0.870667,outros
6.747053,0.000005,0.870667,outros
6.747053,0.000005,0.870667,outros
6.747053,0.000005,0.870667,outros
6.747053,0.000005,0.870667,outros
6.747053,0.000005,0.870667,outros
6.747053,0.000005,0.870667,outros
6.747053,0.000005,0.870667,outros
6.747053,0.000005,0.870667,outros
6.747053,0.000005,0.870667,outros
6.747053,0.000005,0.870667,outros
6.747053,0.000005,0.870667,outros
6.747053,0.000005,0.870667,outros
6.747053,0.000005,0.870667,outros
6.747053,0.000005,0.870667,outros
6.747053,0.000005,0.870667,outros
6.747053,0.000005,0.870667,outros
6.747053,0.000005,0.870667,outros
6.747053,0.000005,0.870667,outros
6.747053,0.000005,0.870667,outros
6.747053,0.000005,0.870667,outros
6.747053,0.000005,0.870667,outros
6.747053,0.000005,0.870667,outros
6.747053,0.000005,0.870667,outros
6.747053,0.000005,0.870667,outros
6.747053,0.000005,0.870667,outros
6.747053,0.000005,0.870667,outros
6.747053,0.000005,0.870667,outros
6.747053,0.000005,0.870667,outros
6.747053,0.000005,0.870667,outros
6.747053,0.000005,0.870667,outros
6.747053,0.000005,0.870667,outros
6.747053,0.000005,0.870667,outros
6.747053,0.000005,0.870667,outros
6.747053,0.000005,0.870667,outros
6.747053,0.000005,0.870667,outros
6.747053,0.000005,0.870667,outros
6.747053,0.000005,0.870667,outros
6.747053,0.000005,0.870667,outros
6.747053,0.000005,0.870667,outros
6.747053,0.000005,0.870667,outros
6.747053,0.000005,0.870667,outros
6.747053,0.000005,0.870667,outros
6.747053,0.000005,0.870667,outros
6.747053,0.000005,0.870667,outros
6.747053,0.000005,0.870667,outros
6.747053,0.000005,0.870667,outros
6.747053,0.000005,0.870667,outros
6.747053,0.000005,0.870667,outros
6.747053,0.000005,0.870667,outros
6.747053,0.000005,0.870667,outros
6.747053,0.000005,0.870667,outros
6.747053,0.000005,0.870667,outros
6.747053,0.000005,0.870667,outros
6.747053,0.000005,0.870667,outros
6.747053,0.000005,0.870667,outros
6.747053,0.000005,0.870667,outros
6.747053,0.000005,0.870667,outros
6.747053,0.000005,0.870667,outros
6.747053,0.000005,0.870667,outros
6.747053,0.000005,0.870667,outros
6.747053,0.000005,0.870667,outros
6.747053,0.000005,0.870667,outros
6.747053,0.000005,0.870667,outros
6.747053,0.000005,0.870667,outros
6.747053,0.000005,0.870667,outros
6.747053,0.000005,0.870667,outros
6.747053,0.000005,0.870667,outros
6.747053,0.000005,0.870667,outros
6.747053,0.000005,0.870667,outros
6.747053,0.000005,0.870667,outros
6.747053,0.000005,0.870667,outros
6.747053,0.000005,0.870667,outros
6.747053,0.000005,0.870667,outros
6.747053,0.000005,0.870667,outros
6.747053,0.000005,0.870667,outros
6.747053,0.000005,0.870667,outros
6.747053,0.000005,0.870667,outros
6.747053,0.000005,0.870667,outros
6.747053,0.000005,0.870667,outros
6.747053,0.000005,0.870667,outros
6.747053,0.000005,0.870667,outros
6.747053,0.000005,0.870667,outros
6.747053,0.000005,0.870667,outros
6.747053,0.000005,0.870667,outros
6.747053,0.000005,0.870667,outros
6.747053,0.000005,0.870667,outros
6.747053,0.000005,0.870667,outros
6.747053,0.000005,0.870667,outros
6.747053,0.000005,0.870667,outros
6.747053,0.000005,0.870667,outros
6.747053,0.000005,0.870667,outros
6.747053,0.000005,0.870667,outros
6.747053,0.000005,0.870667,outros
6.747053,0.000005,0.870667,outros
3.989378,0.084197,1.888533,outros
3.384707,0.000000,2.763333,outros
7.268925,0.000006,0.926667,outros
7.268925,0.000006,0.926667,outros
7.268925,0.000006,0.926667,outros
10.000000,0.000022,3.357037,outros
0.000000,0.000000,2.186667,outros
0.000000,0.000000,2.186667,outros
0.000000,0.000000,2.186667,outros
0.000000,0.000000,2.186667,outros
5.932331,0.000002,0.767273,outros
0.974679,0.000000,1.327740,outros
0.008021,0.000000,0.265000,outros
0.000000,0.000000,2.404444,outros
2.435042,0.053436,2.357391,outros
0.000000,0.033483,0.169697,outros
0.000000,0.033483,0.169697,outros
0.000000,0.033483,0.169697,outros
1.417864,0.166631,0.237273,outros
2.527053,0.147901,0.421852,outros
3.741466,0.749214,0.783978,outros
9.991610,0.000003,2.286222,outros
10.000000,0.000003,2.199524,outros
2.937979,0.000215,0.498788,outros
10.000000,0.000004,2.558889,outros
0.046307,0.000000,0.225333,outros
6.322998,0.027425,0.609143,outros
6.405352,0.000007,0.834000,outros
6.405352,0.000007,0.834000,outros
0.235758,0.000071,1.829333,outros
4.873941,0.032711,0.400230,outros
0.775119,0.500832,0.200337,outros
9.486087,0.000004,1.760952,outros
9.486087,0.000004,1.760952,outros
9.486087,0.000004,1.760952,outros
0.000000,0.005857,0.000000,outros
0.600266,0.641899,4.919896,outros
0.047654,0.000000,0.227619,outros
1.629769,0.000494,0.546852,outros
0.303690,0.023337,0.278974,outros
0.432222,0.014565,0.694667,outros
0.027784,0.000003,0.063704,outros
0.027784,0.000003,0.063704,outros
0.027784,0.000003,0.063704,outros
0.027784,0.000003,0.063704,outros
0.027784,0.000003,0.063704,outros
0.027784,0.000003,0.063704,outros
0.027784,0.000003,0.063704,outros
0.027784,0.000003,0.063704,outros
0.027784,0.000003,0.063704,outros
0.216854,0.392049,0.097778,outros
1.396807,0.000000,3.263333,outros
0.000000,0.000006,0.268571,outros
0.000000,0.000006,0.268571,outros
0.000000,0.000006,0.268571,outros
1.154977,0.000619,1.679286,outros
8.152787,0.037360,3.280741,outros
0.230107,0.000000,0.255333,quic
0.230107,0.000000,0.255333,quic
0.230107,0.000000,0.255333,quic
0.230107,0.000000,0.255333,quic
7.570788,0.019130,2.791481,quic
4.228266,0.009997,1.285586,quic
0.068131,0.000000,0.193333,quic
0.062017,0.000000,0.204444,quic
0.193523,0.000000,0.220278,quic
5.930990,0.175410,2.171053,quic
0.061895,0.000000,0.186545,quic
0.063222,0.000000,0.191515,quic
0.063222,0.000000,0.191515,quic
0.184785,0.000000,0.304561,quic
5.656517,0.000088,2.185859,quic
9.501846,0.033852,4.245128,quic
7.037161,0.000746,2.364127,quic
0.195866,0.000000,0.276042,quic
0.000000,0.050132,0.248000,quic
0.194291,0.000000,0.258788,quic
0.202861,0.000000,0.227778,quic
0.202861,0.000000,0.227778,quic
0.202861,0.000000,0.227778,quic
0.202861,0.000000,0.227778,quic
0.207970,0.000000,0.223333,quic
6.812148,0.011800,2.065444,quic
5.076520,0.000395,4.000533,quic
0.060130,0.000000,0.183922,quic
5.818417,0.000158,2.347778,quic
4.302875,0.019056,1.546852,quic
8.318673,0.000318,3.831061,quic
9.151163,0.000263,4.027018,quic
0.195997,0.000000,0.220784,quic
0.195997,0.000000,0.220784,quic
0.050817,0.000000,0.208333,quic
0.050817,0.000000,0.208333,quic
0.176974,0.000000,0.302083,quic
0.065439,0.000000,0.195269,quic
0.202511,0.000000,0.282667,quic
0.202511,0.000000,0.282667,quic
0.202511,0.000000,0.282667,quic
8.182927,0.000662,2.769150,quic
7.426314,0.000099,3.462778,quic
7.426314,0.000099,3.462778,quic
7.998391,0.000359,4.036800,quic
4.947476,0.021569,2.553384,quic
7.005560,0.000399,3.342381,quic
0.052238,0.000000,0.212229,quic
6.258921,0.000387,3.097407,quic
5.915620,0.000185,2.338947,quic
6.210729,0.006405,2.236471,quic
8.604596,0.000287,3.986667,quic
0.210728,0.000000,0.267111,quic
0.210728,0.000000,0.267111,quic
0.210728,0.000000,0.267111,quic
0.210728,0.000000,0.267111,quic
0.194012,0.000000,0.292889,quic
0.198616,0.000000,0.246190,quic
8.275330,0.016840,4.385714,quic
10.000000,0.000000,6.875000,quic
10.000000,0.000000,6.875000,quic
10.000000,0.000000,6.875000,quic
10.000000,0.000000,6.875000,quic
10.000000,0.000000,6.875000,quic
10.000000,0.000000,6.875000,quic
0.071514,0.000000,0.196667,quic
4.713094,0.008375,1.766282,quic
2.493259,0.015133,4.909196,quic
8.298675,0.000245,3.209524,quic
7.841835,0.001321,4.034386,quic
0.198420,0.000000,0.244341,quic
0.189464,0.000000,0.232000,quic
6.061884,0.000135,2.642807,quic
0.069553,0.000000,0.182593,quic
3.348385,0.045530,7.234443,quic
0.207557,0.000000,0.251111,quic
6.704993,0.000069,10.000000,quic
1.980116,0.004409,6.852458,quic
0.203188,0.000000,0.222083,quic
3.195400,0.251673,7.028501,quic
8.884868,0.084375,3.776364,quic
0.024847,0.000000,0.223815,quic
6.823962,0.000215,2.751304,quic
8.377658,0.000304,3.274203,quic
6.311516,0.003973,2.287273,quic
0.086172,0.000000,0.180000,quic
0.060296,0.000000,0.206250,quic
0.060296,0.000000,0.206250,quic
0.024644,0.000000,0.223966,quic
0.198718,0.000000,0.224912,quic
6.045866,0.000572,2.847586,quic
1.502623,0.025731,6.375997,quic
0.069791,0.000000,0.200000,quic
0.067144,0.000000,0.183333,quic
0.188861,0.000000,0.283333,quic
0.188861,0.000000,0.283333,quic
0.219989,0.000000,0.230494,quic
0.213897,0.000000,0.247917,quic
6.962394,0.000472,2.813103,quic
0.174338,0.000000,0.237422,quic
5.652819,0.000045,2.626957,quic
0.060187,0.000000,0.183125,quic
6.031383,0.000681,7.087904,quic
3.762063,0.469511,3.979712,quic
7.830066,0.000426,2.816667,quic
3.997766,0.000041,4.966667,quic
8.216202,0.001549,4.153333,quic
0.765372,0.229979,7.176405,quic
9.149628,0.000103,4.108889,quic
0.186641,0.000000,0.248485,quic
0.196866,0.000000,0.224444,quic
0.068342,0.000000,0.185600,quic
4.385607,0.022427,1.792612,quic
4.551505,0.001895,3.780968,quic
7.362761,0.000094,2.822857,quic
0.195207,0.000000,0.281505,quic
5.485462,0.000220,2.304127,quic
0.194731,0.000000,0.215926,quic
0.078914,0.000000,0.178519,quic
3.894384,0.007201,7.101806,quic
0.193924,0.000000,0.248000,quic
4.158418,0.228049,1.064151,quic
7.254158,0.000113,2.814286,quic
5.009024,0.000235,1.965057,quic
7.882214,0.000194,3.433905,quic
0.201950,0.000000,0.261333,quic
6.430968,0.000449,3.397067,quic
0.175560,0.000000,0.214966,quic
8.143661,0.000480,3.723619,quic
0.210798,0.000000,0.241778,quic
0.067144,0.000000,0.201667,quic
4.564471,0.000309,2.433086,quic
0.065952,0.000000,0.201970,quic
7.716163,0.000778,4.291717,quic
0.066350,0.000000,0.204103,quic
0.066350,0.000000,0.204103,quic
7.577208,0.125306,2.596774,quic
2.872368,0.000077,4.816129,quic
6.037010,0.000569,3.167381,quic
5.408814,0.000114,2.353684,quic
8.214340,0.000140,3.145926,quic
0.082699,0.000000,10.000000,quic
0.225250,0.000000,0.247879,quic
1.107128,0.312631,7.182990,quic
0.199870,0.000000,0.231852,quic
0.047615,0.000000,0.215908,quic
4.652280,0.001100,2.348920,quic
0.083928,0.000000,0.347361,quic
7.551777,0.000138,3.202540,quic
6.497695,0.179909,5.127383,quic
0.090459,0.000000,0.188485,quic
0.090459,0.000000,0.188485,quic
0.090459,0.000000,0.188485,quic
0.088518,0.000000,10.000000,quic
7.072702,0.000447,3.693623,quic
5.331011,0.150416,1.008947,quic
6.471857,0.000319,3.081111,quic
0.043240,0.000000,0.357328,quic
0.221470,0.000000,0.248718,quic
1.350068,0.025620,5.690703,quic
5.652876,0.090116,4.122466,quic
0.210593,0.000000,0.229020,quic
0.062778,0.000000,0.193111,quic
0.205236,0.000000,0.235714,quic
0.026281,0.000000,0.223148,quic
8.196936,0.000195,3.894222,quic
8.041265,0.007437,2.880759,quic
6.631429,0.000163,3.132727,quic
0.095502,0.000000,0.346744,quic
5.364991,0.001595,4.608889,quic
6.991624,0.034130,3.610789,quic
7.684076,0.002136,2.548593,quic
0.000000,0.000000,0.142222,quic
0.000000,0.000000,0.142222,quic
0.000000,0.000000,0.142222,quic
0.281106,0.047788,5.655938,quic
0.207467,0.000000,0.253636,quic
5.713845,0.000159,5.815897,quic
0.073759,0.000000,0.352447,quic
7.373034,0.011716,3.482703,quic
5.589997,0.000146,2.489474,quic
6.258120,0.000239,2.331296,quic
0.155784,0.000185,0.282121,quic
6.522947,0.150805,2.406078,quic
5.160568,0.046330,4.190330,quic
5.915776,0.051168,1.528283,quic
0.073172,0.000000,0.188333,quic
0.053682,0.000000,0.184615,quic
1.346101,0.000480,6.903708,quic
6.532141,0.000368,3.181290,quic
6.458217,0.006122,2.267451,quic
8.460316,0.000168,4.553750,quic
2.895796,0.000393,6.564067,quic
0.207689,0.000000,0.268000,quic
0.155822,0.000000,0.276454,quic
0.073549,0.000000,0.188519,quic
0.073549,0.000000,0.188519,quic
0.208163,0.000000,0.220667,quic
0.182356,0.000000,0.246905,quic
8.065434,0.002017,5.427097,quic
6.866415,0.001417,3.208805,quic
7.277489,0.000160,3.757143,quic
0.222336,0.000000,0.255714,quic
6.739842,0.013318,3.301538,quic
2.187509,0.499285,1.002196,quic
0.218873,0.000000,0.251556,quic
0.218873,0.000000,0.251556,quic
6.470783,0.030350,1.876322,quic
7.636910,0.023723,3.988825,quic
0.207232,0.000000,0.262083,quic
7.881872,0.001006,3.494409,quic
0.020433,0.000000,0.224958,quic
7.789761,0.016829,3.919074,quic
4.317504,0.048284,1.270273,quic
7.954781,0.000410,3.410606,quic
7.507038,0.015474,4.976646,quic
0.193305,0.000000,0.228571,quic
2.929428,0.001042,4.912113,quic
0.155267,0.000000,0.287843,quic
0.194380,0.000000,0.229333,quic
8.297828,0.000335,4.058000,quic
4.306403,0.050698,1.938917,quic
0.064183,0.000000,0.191014,quic
4.419739,0.006182,2.220202,quic
4.440218,0.000372,4.514396,quic
0.105293,0.000000,0.343750,quic
0.157782,0.402515,0.332169,quic
0.057322,0.000000,0.211333,quic
0.054067,0.000000,0.211264,quic
2.893797,0.000752,5.762274,quic
0.042344,0.000000,0.217593,quic
8.035093,0.000237,3.999535,quic
8.062937,0.000261,2.948939,quic
0.074934,0.000000,0.186250,quic
0.206651,0.000000,0.220000,quic
6.900152,0.000412,3.098222,quic
0.213004,0.000000,0.225556,quic
8.575444,0.000120,3.832308,quic
0.069750,0.000000,0.182667,quic
9.729029,0.000150,10.000000,quic
6.805977,0.000116,3.209231,quic
7.049637,0.000224,3.646667,quic
7.131217,0.461537,3.410449,quic
0.052860,0.000000,0.211624,quic
5.160194,0.000541,6.345768,quic
6.980476,0.000282,2.767937,quic
8.018768,0.000217,3.277037,quic
9.262846,0.025175,3.780370,quic
0.215715,0.000000,0.261250,quic
7.141992,0.000370,2.884000,quic
7.773575,0.000277,3.255385,quic
0.185862,0.000000,0.238000,quic
0.195049,0.000000,0.283529,quic
0.181287,0.000000,0.292261,quic
0.067625,0.000000,0.186275,quic
0.220053,0.000000,0.250256,quic
0.050458,0.000000,0.355957,quic
0.035160,0.000000,0.220997,quic
6.848317,0.031630,2.140000,quic
5.602483,0.000490,2.953333,quic
3.530542,0.000067,8.648945,vod
3.530542,0.000067,8.648945,vod
5.417891,0.000103,8.607453,vod
5.417891,0.000103,8.607453,vod
4.071609,0.000226,8.609402,vod
4.071609,0.000226,8.609402,vod
2.643039,0.000072,8.086991,vod
2.643039,0.000072,8.086991,vod
4.452142,0.000216,8.441196,vod
4.452142,0.000216,8.441196,vod
3.435819,0.000029,8.560906,vod
3.435819,0.000029,8.560906,vod
5.105363,0.000125,8.695300,vod
5.105363,0.000125,8.695300,vod
5.062944,0.000201,8.681142,vod
5.062944,0.000201,8.681142,vod
4.378819,0.000089,8.719870,vod
4.378819,0.000089,8.719870,vod
5.360754,0.000126,8.396321,vod
5.360754,0.000126,8.396321,vod
3.167622,0.000239,8.267220,vod
3.167622,0.000239,8.267220,vod
4.832873,0.000138,8.673670,vod
4.832873,0.000138,8.673670,vod
3.880163,0.000135,8.696116,vod
3.880163,0.000135,8.696116,vod
5.145703,0.000044,8.639721,vod
5.145703,0.000044,8.639721,vod
4.802650,0.000037,8.553024,vod
4.802650,0.000037,8.553024,vod
4.345153,0.000217,8.609885,vod
4.345153,0.000217,8.609885,vod
3.393163,0.000067,8.525707,vod
3.393163,0.000067,8.525707,vod
3.948992,0.000127,8.538822,vod
3.948992,0.000127,8.538822,vod
3.600544,0.000175,8.278469,vod
3.600544,0.000175,8.278469,vod
4.130477,0.000027,8.644466,vod
4.130477,0.000027,8.644466,vod
4.321699,0.000014,8.694412,vod
4.321699,0.000014,8.694412,vod
4.596391,0.000025,8.673638,vod
4.596391,0.000025,8.673638,vod
4.577817,0.000083,8.648438,vod
4.577817,0.000083,8.648438,vod
2.802133,0.000048,8.612286,vod
2.802133,0.000048,8.612286,vod
4.458969,0.000242,8.613574,vod
4.458969,0.000242,8.613574,vod
4.613212,0.000171,8.606745,vod
4.613212,0.000171,8.606745,vod
4.691110,0.000150,8.639559,vod
4.691110,0.000150,8.639559,vod
4.737483,0.000058,8.529863,vod
4.737483,0.000058,8.529863,vod
4.304077,0.000248,8.635882,vod
4.304077,0.000248,8.635882,vod
4.178476,0.000122,8.636342,vod
4.178476,0.000122,8.636342,vod
2.549209,0.000100,8.157104,vod
2.549209,0.000100,8.157104,vod
5.536544,0.000073,8.547346,vod
5.536544,0.000073,8.547346,vod
4.240457,0.000053,8.594451,vod
4.240457,0.000053,8.594451,vod
2.786445,0.000038,8.131796,vod
2.786445,0.000038,8.131796,vod
4.575792,0.000063,8.536536,vod
4.575792,0.000063,8.536536,vod
4.064326,0.000056,8.760845,vod
4.064326,0.000056,8.760845,vod
4.823500,0.000232,8.700171,vod
4.823500,0.000232,8.700171,vod
4.258190,0.000036,8.725709,vod
4.258190,0.000036,8.725709,vod
5.344040,0.000111,8.711124,vod
5.344040,0.000111,8.711124,vod
4.905286,0.000239,8.704135,vod
4.905286,0.000239,8.704135,vod
4.127993,0.000061,8.642969,vod
4.127993,0.000061,8.642969,vod
3.046196,0.000063,8.400430,vod
3.046196,0.000063,8.400430,vod
5.293839,0.000234,8.710827,vod
5.293839,0.000234,8.710827,vod
5.126746,0.000120,8.573748,vod
5.126746,0.000120,8.573748,vod
3.468392,0.000134,8.632613,vod
3.468392,0.000134,8.632613,vod
4.487819,0.000082,8.608327,vod
4.487819,0.000082,8.608327,vod
3.719097,0.000069,8.533743,vod
3.719097,0.000069,8.533743,vod
3.750768,0.000067,8.642504,vod
3.750768,0.000067,8.642504,vod
4.743359,0.000082,8.691312,vod
4.743359,0.000082,8.691312,vod
4.756735,0.000226,8.618733,vod
4.756735,0.000226,8.618733,vod
4.173176,0.000110,8.336771,vod
4.173176,0.000110,8.336771,vod
3.607570,0.000134,8.638857,vod
3.607570,0.000134,8.638857,vod
4.927897,0.000215,8.662704,vod
4.927897,0.000215,8.662704,vod
4.441466,0.000125,8.551815,vod
4.441466,0.000125,8.551815,vod
4.700929,0.000243,8.661752,vod
4.700929,0.000243,8.661752,vod
4.256734,0.000167,8.565083,vod
4.256734,0.000167,8.565083,vod
4.311341,0.000191,8.568881,vod
4.311341,0.000191,8.568881,vod
4.859195,0.000232,8.696324,vod
4.859195,0.000232,8.696324,vod
5.253527,0.000125,8.526148,vod
5.253527,0.000125,8.526148,vod
5.067285,0.000145,8.691989,vod
5.067285,0.000145,8.691989,vod
3.615018,0.000012,8.391063,vod
3.615018,0.000012,8.391063,vod
3.995024,0.000067,8.511441,vod
3.995024,0.000067,8.511441,vod
0.075123,0.000017,10.000000,vod
0.075123,0.000017,10.000000,vod
3.488775,0.000129,8.451060,vod
3.488775,0.000129,8.451060,vod
4.210879,0.000105,8.709005,vod
4.210879,0.000105,8.709005,vod
5.063971,0.000230,8.627354,vod
5.063971,0.000230,8.627354,vod
4.113460,0.000112,8.591698,vod
4.113460,0.000112,8.591698,vod
4.583472,0.000023,8.724655,vod
4.583472,0.000023,8.724655,vod
4.246368,0.000081,8.550336,vod
4.246368,0.000081,8.550336,vod
4.788748,0.000226,8.674078,vod
4.788748,0.000226,8.674078,vod
3.635654,0.000022,8.547214,vod
3.635654,0.000022,8.547214,vod
2.981856,0.000032,8.282156,vod
2.981856,0.000032,8.282156,vod
2.670122,0.000012,8.277339,vod
2.670122,0.000012,8.277339,vod
5.035885,0.000074,8.527498,vod
5.035885,0.000074,8.527498,vod
5.357182,0.000238,8.696001,vod
5.357182,0.000238,8.696001,vod
5.161288,0.000152,8.533951,vod
5.161288,0.000152,8.533951,vod
5.032184,0.000035,8.627267,vod
5.032184,0.000035,8.627267,vod
4.326546,0.000075,8.629678,vod
4.326546,0.000075,8.629678,vod
4.589301,0.000094,8.599697,vod
4.589301,0.000094,8.599697,vod
5.236930,0.000220,8.638587,vod
5.236930,0.000220,8.638587,vod
4.649823,0.000176,8.662247,vod
4.649823,0.000176,8.662247,vod
3.744588,0.000087,8.593907,vod
3.744588,0.000087,8.593907,vod
5.036517,0.000184,8.659726,vod
5.036517,0.000184,8.659726,vod
5.058306,0.000047,8.612266,vod
5.058306,0.000047,8.612266,vod
4.137229,0.000061,8.742282,vod
4.137229,0.000061,8.742282,vod
4.068951,0.000093,8.573212,vod
4.068951,0.000093,8.573212,vod
4.595487,0.000133,8.703208,vod
4.595487,0.000133,8.703208,vod
4.358415,0.000086,8.514019,vod
4.358415,0.000086,8.514019,vod
3.567761,0.000076,8.658389,vod
3.567761,0.000076,8.658389,vod
5.107528,0.000240,8.675357,vod
5.107528,0.000240,8.675357,vod
4.317026,0.000238,8.636146,vod
4.317026,0.000238,8.636146,vod
4.219388,0.000056,8.655930,vod
4.219388,0.000056,8.655930,vod
5.083261,0.000226,8.716679,vod
5.083261,0.000226,8.716679,vod
3.904680,0.000068,8.665807,vod
3.904680,0.000068,8.665807,vod
4.171442,0.000094,8.594055,vod
4.171442,0.000094,8.594055,vod
5.623921,0.000034,8.497104,vod
5.623921,0.000034,8.497104,vod
4.778127,0.000200,8.676773,vod
4.778127,0.000200,8.676773,vod
4.046743,0.000067,8.663931,vod
4.046743,0.000067,8.663931,vod
3.698593,0.000218,8.423468,vod
3.698593,0.000218,8.423468,vod
4.282794,0.000006,8.643317,vod
4.282794,0.000006,8.643317,vod
4.071486,0.000058,8.551072,vod
4.071486,0.000058,8.551072,vod
4.180601,0.000037,8.637363,vod
4.180601,0.000037,8.637363,vod
4.830588,0.000126,8.728937,vod
4.830588,0.000126,8.728937,vod
5.322870,0.000074,8.522517,vod
5.322870,0.000074,8.522517,vod
4.071825,0.000060,8.406189,vod
4.071825,0.000060,8.406189,vod
4.843579,0.000114,8.521757,vod
4.843579,0.000114,8.521757,vod
4.784090,0.000176,8.690757,vod
4.784090,0.000176,8.690757,vod
3.885655,0.000063,8.597024,vod
3.885655,0.000063,8.597024,vod
4.760267,0.000229,8.710952,vod
4.760267,0.000229,8.710952,vod
3.855149,0.000140,8.455247,vod
3.855149,0.000140,8.455247,vod
3.722754,0.000115,8.512555,vod
3.722754,0.000115,8.512555,vod
4.474034,0.000078,8.654497,vod
4.474034,0.000078,8.654497,vod
4.763690,0.000100,8.668667,vod
4.763690,0.000100,8.668667,vod
4.417834,0.000230,8.662044,vod
4.417834,0.000230,8.662044,vod
5.708715,0.000061,8.548883,vod
5.708715,0.000061,8.548883,vod
3.831731,0.000175,8.573335,vod
3.831731,0.000175,8.573335,vod
4.707292,0.000248,8.684312,vod
4.707292,0.000248,8.684312,vod
5.227189,0.000228,8.683246,vod
5.227189,0.000228,8.683246,vod
4.850264,0.000111,8.577271,vod
4.850264,0.000111,8.577271,vod
4.387491,0.000011,8.641333,vod
4.387491,0.000011,8.641333,vod
5.011794,0.000239,8.722856,vod
5.011794,0.000239,8.722856,vod
4.345520,0.000225,8.653528,vod
4.345520,0.000225,8.653528,vod
3.037644,0.000083,8.253602,vod
3.037644,0.000083,8.253602,vod
4.099670,0.000075,8.568185,vod
4.099670,0.000075,8.568185,vod
3.761702,0.000117,8.528614,vod
3.761702,0.000117,8.528614,vod
4.001096,0.000076,8.709243,vod
4.001096,0.000076,8.709243,vod
4.708979,0.000117,8.562684,vod
4.708979,0.000117,8.562684,vod
3.966589,0.000021,8.645291,vod
3.966589,0.000021,8.645291,vod
4.759916,0.000140,8.565886,vod
4.759916,0.000140,8.565886,vod
5.076742,0.000225,8.641306,vod
5.076742,0.000225,8.641306,vod
